from_station_id,to_station_id,line,edge_type,distance_km,base_time_min,transfer_time_min
A01,A02,Asakusa Line,train,1.2,2.8,0
A02,A01,Asakusa Line,train,1.2,2.8,0
A02,A03,Asakusa Line,train,0.9,2.4,0
A03,A02,Asakusa Line,train,0.9,2.4,0
A03,A04,Asakusa Line,train,1.1,2.7,0
A04,A03,Asakusa Line,train,1.1,2.7,0
A04,A05,Asakusa Line,train,1.6,3.4,0
A05,A04,Asakusa Line,train,1.6,3.4,0
A05,A06,Asakusa Line,train,0.7,2,0
A06,A05,Asakusa Line,train,0.7,2,0
A06,A07,Asakusa Line,train,1.4,3.1,0
A07,A06,Asakusa Line,train,1.4,3.1,0
A07,A08,Asakusa Line,train,1.1,2.7,0
A08,A07,Asakusa Line,train,1.1,2.7,0
A08,A09,Asakusa Line,train,1.5,3.2,0
A08,I04,Transfer Channel,transfer,0,0,6
A09,A08,Asakusa Line,train,1.5,3.2,0
A09,A10,Asakusa Line,train,1,2.5,0
A09,E20,Transfer Channel,transfer,0,0,6
A10,A09,Asakusa Line,train,1,2.5,0
A10,A11,Asakusa Line,train,0.9,2.4,0
A10,G08,Transfer Channel,transfer,0,0,6
A11,A10,Asakusa Line,train,0.9,2.4,0
A11,A12,Asakusa Line,train,0.8,2.2,0
A11,H09,Transfer Channel,transfer,0,0,6
A12,A11,Asakusa Line,train,0.8,2.2,0
A12,A13,Asakusa Line,train,0.8,2.2,0
A13,A12,Asakusa Line,train,0.8,2.2,0
A13,A14,Asakusa Line,train,0.8,2.2,0
A13,G11,Transfer Channel,transfer,0,0,6
A13,T10,Transfer Channel,transfer,0,0,6
A14,A13,Asakusa Line,train,0.8,2.2,0
A14,A15,Asakusa Line,train,0.7,2,0
A14,H13,Transfer Channel,transfer,0,0,6
A15,A14,Asakusa Line,train,0.7,2,0
A15,A16,Asakusa Line,train,0.7,2,0
A15,S09,Transfer Channel,transfer,0,0,6
A16,A15,Asakusa Line,train,0.7,2,0
A16,A17,Asakusa Line,train,0.7,2,0
A17,A16,Asakusa Line,train,0.7,2,0
A17,A18,Asakusa Line,train,0.9,2.4,0
A17,E11,Transfer Channel,transfer,0,0,6
A18,A17,Asakusa Line,train,0.9,2.4,0
A18,A19,Asakusa Line,train,0.7,2,0
A18,G19,Transfer Channel,transfer,0,0,6
A19,A18,Asakusa Line,train,0.7,2,0
A19,A20,Asakusa Line,train,0.8,2.2,0
A20,A19,Asakusa Line,train,0.8,2.2,0
A20,Z14,Transfer Channel,transfer,0,0,6
C01,C02,Chiyoda Line,train,1,2.5,0
C02,C01,Chiyoda Line,train,1,2.5,0
C02,C03,Chiyoda Line,train,1.2,2.8,0
C03,C02,Chiyoda Line,train,1.2,2.8,0
C03,C04,Chiyoda Line,train,0.9,2.4,0
C03,F15,Transfer Channel,transfer,0,0,6
C04,C03,Chiyoda Line,train,0.9,2.4,0
C04,C05,Chiyoda Line,train,1.4,3.1,0
C04,G02,Transfer Channel,transfer,0,0,6
C04,Z02,Transfer Channel,transfer,0,0,6
C05,C04,Chiyoda Line,train,1.4,3.1,0
C05,C06,Chiyoda Line,train,1.1,2.7,0
C06,C05,Chiyoda Line,train,1.1,2.7,0
C06,C07,Chiyoda Line,train,0.8,2.2,0
C07,C06,Chiyoda Line,train,0.8,2.2,0
C07,C08,Chiyoda Line,train,0.8,2.2,0
C07,M14,Transfer Channel,transfer,0,0,6
C07,N06,Transfer Channel,transfer,0,0,6
C07,G06,Transfer Channel,transfer,0,0,6
C08,C07,Chiyoda Line,train,0.8,2.2,0
C08,C09,Chiyoda Line,train,0.8,2.2,0
C08,M15,Transfer Channel,transfer,0,0,6
C08,H06,Transfer Channel,transfer,0,0,6
C09,C08,Chiyoda Line,train,0.8,2.2,0
C09,C10,Chiyoda Line,train,0.7,2,0
C09,I08,Transfer Channel,transfer,0,0,6
C09,H07,Transfer Channel,transfer,0,0,6
C09,Y18,Transfer Channel,transfer,0,0,6
C10,C09,Chiyoda Line,train,0.7,2,0
C10,C11,Chiyoda Line,train,0.7,2,0
C11,C10,Chiyoda Line,train,0.7,2,0
C11,C12,Chiyoda Line,train,1.3,3,0
C11,I09,Transfer Channel,transfer,0,0,6
C11,M18,Transfer Channel,transfer,0,0,6
C11,Z08,Transfer Channel,transfer,0,0,6
C12,C11,Chiyoda Line,train,1.3,3,0
C12,C13,Chiyoda Line,train,1.2,2.8,0
C12,S07,Transfer Channel,transfer,0,0,6
C12,M19,Transfer Channel,transfer,0,0,6
C13,C12,Chiyoda Line,train,1.2,2.8,0
C13,C14,Chiyoda Line,train,1.2,2.8,0
C14,C13,Chiyoda Line,train,1.2,2.8,0
C14,C15,Chiyoda Line,train,1,2.5,0
C15,C14,Chiyoda Line,train,1,2.5,0
C15,C16,Chiyoda Line,train,0.9,2.4,0
C16,C15,Chiyoda Line,train,0.9,2.4,0
C16,C17,Chiyoda Line,train,1.7,3.5,0
C17,C16,Chiyoda Line,train,1.7,3.5,0
C17,C18,Chiyoda Line,train,2.6,4.9,0
C18,C17,Chiyoda Line,train,2.6,4.9,0
C18,C19,Chiyoda Line,train,2.6,4.9,0
C18,H21,Transfer Channel,transfer,0,0,6
C18,H22,Transfer Channel,transfer,0,0,6
C19,C18,Chiyoda Line,train,2.6,4.9,0
C19,C20,Chiyoda Line,train,2.1,4.2,0
C20,C19,Chiyoda Line,train,2.1,4.2,0
E01,E02,Toei Ōedo Line,train,1.4,3.1,0
E01,S01,Transfer Channel,transfer,0,0,6
E01,M08,Transfer Channel,transfer,0,0,6
E01,E27,Transfer Channel,transfer,0,0,6
E01,E28,Toei Ōedo Line,train,0.8,2.2,0
E02,E01,Toei Ōedo Line,train,1.4,3.1,0
E02,E03,Toei Ōedo Line,train,1,2.5,0
E02,F12,Transfer Channel,transfer,0,0,6
E03,E02,Toei Ōedo Line,train,1,2.5,0
E03,E04,Toei Ōedo Line,train,0.6,1.9,0
E04,E03,Toei Ōedo Line,train,0.6,1.9,0
E04,E05,Toei Ōedo Line,train,1,2.5,0
E05,E04,Toei Ōedo Line,train,1,2.5,0
E05,E06,Toei Ōedo Line,train,1,2.5,0
E06,E05,Toei Ōedo Line,train,1,2.5,0
E06,E07,Toei Ōedo Line,train,1,2.5,0
E06,T06,Transfer Channel,transfer,0,0,6
E06,Y13,Transfer Channel,transfer,0,0,6
E06,N10,Transfer Channel,transfer,0,0,6
E07,E06,Toei Ōedo Line,train,1,2.5,0
E07,E08,Toei Ōedo Line,train,0.8,2.2,0
E07,I12,Transfer Channel,transfer,0,0,6
E07,N11,Transfer Channel,transfer,0,0,6
E07,M11,Transfer Channel,transfer,0,0,6
E08,E07,Toei Ōedo Line,train,0.8,2.2,0
E08,E09,Toei Ōedo Line,train,1.1,2.7,0
E08,M21,Transfer Channel,transfer,0,0,6
E09,E08,Toei Ōedo Line,train,1.1,2.7,0
E09,E10,Toei Ōedo Line,train,0.8,2.2,0
E09,G15,Transfer Channel,transfer,0,0,6
E09,H16,Transfer Channel,transfer,0,0,6
E10,E09,Toei Ōedo Line,train,0.8,2.2,0
E10,E11,Toei Ōedo Line,train,1,2.5,0
E11,E10,Toei Ōedo Line,train,1,2.5,0
E11,E12,Toei Ōedo Line,train,1.2,2.8,0
E11,A17,Transfer Channel,transfer,0,0,6
E12,E11,Toei Ōedo Line,train,1.2,2.8,0
E12,E13,Toei Ōedo Line,train,1,2.5,0
E13,E12,Toei Ōedo Line,train,1,2.5,0
E13,E14,Toei Ōedo Line,train,0.6,1.9,0
E13,S11,Transfer Channel,transfer,0,0,6
E14,E13,Toei Ōedo Line,train,0.6,1.9,0
E14,E15,Toei Ōedo Line,train,1.2,2.8,0
E14,Z11,Transfer Channel,transfer,0,0,6
E15,E14,Toei Ōedo Line,train,1.2,2.8,0
E15,E16,Toei Ōedo Line,train,1.4,3.1,0
E15,T12,Transfer Channel,transfer,0,0,6
E16,E15,Toei Ōedo Line,train,1.4,3.1,0
E16,E17,Toei Ōedo Line,train,0.8,2.2,0
E16,Y21,Transfer Channel,transfer,0,0,6
E17,E16,Toei Ōedo Line,train,0.8,2.2,0
E17,E18,Toei Ōedo Line,train,1.5,3.2,0
E18,E17,Toei Ōedo Line,train,1.5,3.2,0
E18,E19,Toei Ōedo Line,train,0.9,2.4,0
E19,E18,Toei Ōedo Line,train,0.9,2.4,0
E19,E20,Toei Ōedo Line,train,0.9,2.4,0
E20,E19,Toei Ōedo Line,train,0.9,2.4,0
E20,E21,Toei Ōedo Line,train,1.3,3,0
E20,A09,Transfer Channel,transfer,0,0,6
E21,E20,Toei Ōedo Line,train,1.3,3,0
E21,E22,Toei Ōedo Line,train,0.8,2.2,0
E22,E21,Toei Ōedo Line,train,0.8,2.2,0
E22,E23,Toei Ōedo Line,train,1.1,2.7,0
E22,N04,Transfer Channel,transfer,0,0,6
E23,E22,Toei Ōedo Line,train,1.1,2.7,0
E23,E24,Toei Ōedo Line,train,1.3,3,0
E23,H04,Transfer Channel,transfer,0,0,6
E24,E23,Toei Ōedo Line,train,1.3,3,0
E24,E25,Toei Ōedo Line,train,1.2,2.8,0
E24,Z03,Transfer Channel,transfer,0,0,6
E24,G04,Transfer Channel,transfer,0,0,6
E25,E24,Toei Ōedo Line,train,1.2,2.8,0
E25,E26,Toei Ōedo Line,train,1.5,3.2,0
E26,E25,Toei Ōedo Line,train,1.5,3.2,0
E26,E27,Toei Ōedo Line,train,0.6,1.9,0
E27,E26,Toei Ōedo Line,train,0.6,1.9,0
E27,E28,Toei Ōedo Line,train,0.8,2.2,0
E27,E01,Transfer Channel,transfer,0,0,6
E27,S01,Transfer Channel,transfer,0,0,6
E27,M08,Transfer Channel,transfer,0,0,6
E28,E27,Toei Ōedo Line,train,0.8,2.2,0
E28,E29,Toei Ōedo Line,train,0.8,2.2,0
E28,E01,Toei Ōedo Line,train,0.8,2.2,0
E29,E28,Toei Ōedo Line,train,0.8,2.2,0
E29,E30,Toei Ōedo Line,train,1.2,2.8,0
E30,E29,Toei Ōedo Line,train,1.2,2.8,0
E30,E31,Toei Ōedo Line,train,1,2.5,0
E31,E30,Toei Ōedo Line,train,1,2.5,0
E31,E32,Toei Ōedo Line,train,0.8,2.2,0
E32,E31,Toei Ōedo Line,train,0.8,2.2,0
E32,E33,Toei Ōedo Line,train,1.3,3,0
E33,E32,Toei Ōedo Line,train,1.3,3,0
E33,E34,Toei Ōedo Line,train,1.6,3.4,0
E34,E33,Toei Ōedo Line,train,1.6,3.4,0
E34,E35,Toei Ōedo Line,train,1.6,3.4,0
E35,E34,Toei Ōedo Line,train,1.6,3.4,0
E35,E36,Toei Ōedo Line,train,0.9,2.4,0
E36,E35,Toei Ōedo Line,train,0.9,2.4,0
E36,E37,Toei Ōedo Line,train,1.5,3.2,0
E37,E36,Toei Ōedo Line,train,1.5,3.2,0
E37,E38,Toei Ōedo Line,train,1.4,3.1,0
E38,E37,Toei Ōedo Line,train,1.4,3.1,0
F01,F02,Fukutoshin Line,train,2.2,4.3,0
F01,Y01,Transfer Channel,transfer,0,0,6
F02,F01,Fukutoshin Line,train,2.2,4.3,0
F02,F03,Fukutoshin Line,train,1.4,3.1,0
F02,Y02,Transfer Channel,transfer,0,0,6
F03,F02,Fukutoshin Line,train,1.4,3.1,0
F03,F04,Fukutoshin Line,train,1.8,3.7,0
F03,Y03,Transfer Channel,transfer,0,0,6
F04,F03,Fukutoshin Line,train,1.8,3.7,0
F04,F05,Fukutoshin Line,train,1.4,3.1,0
F04,Y04,Transfer Channel,transfer,0,0,6
F05,F04,Fukutoshin Line,train,1.4,3.1,0
F05,F06,Fukutoshin Line,train,1.5,3.2,0
F05,Y05,Transfer Channel,transfer,0,0,6
F06,F05,Fukutoshin Line,train,1.5,3.2,0
F06,F07,Fukutoshin Line,train,1.1,2.7,0
F06,Y06,Transfer Channel,transfer,0,0,6
F07,F06,Fukutoshin Line,train,1.1,2.7,0
F07,F08,Fukutoshin Line,train,1,2.5,0
F07,Y07,Transfer Channel,transfer,0,0,6
F08,F07,Fukutoshin Line,train,1,2.5,0
F08,F09,Fukutoshin Line,train,0.9,2.4,0
F08,Y08,Transfer Channel,transfer,0,0,6
F09,F08,Fukutoshin Line,train,0.9,2.4,0
F09,F10,Fukutoshin Line,train,1.8,3.7,0
F09,Y09,Transfer Channel,transfer,0,0,6
F09,M25,Transfer Channel,transfer,0,0,6
F10,F09,Fukutoshin Line,train,1.8,3.7,0
F10,F11,Fukutoshin Line,train,1.5,3.2,0
F11,F10,Fukutoshin Line,train,1.5,3.2,0
F11,F12,Fukutoshin Line,train,0.9,2.4,0
F12,F11,Fukutoshin Line,train,0.9,2.4,0
F12,F13,Fukutoshin Line,train,1.1,2.7,0
F12,E02,Transfer Channel,transfer,0,0,6
F13,F12,Fukutoshin Line,train,1.1,2.7,0
F13,F14,Fukutoshin Line,train,1.4,3.1,0
F13,S02,Transfer Channel,transfer,0,0,6
F13,M09,Transfer Channel,transfer,0,0,6
F14,F13,Fukutoshin Line,train,1.4,3.1,0
F14,F15,Fukutoshin Line,train,1.2,2.8,0
F15,F14,Fukutoshin Line,train,1.2,2.8,0
F15,F16,Fukutoshin Line,train,1,2.5,0
F15,C03,Transfer Channel,transfer,0,0,6
F16,F15,Fukutoshin Line,train,1,2.5,0
F16,G01,Transfer Channel,transfer,0,0,6
F16,Z01,Transfer Channel,transfer,0,0,6
G01,G02,Ginza Line,train,1.3,3,0
G01,F16,Transfer Channel,transfer,0,0,6
G01,Z01,Transfer Channel,transfer,0,0,6
G02,G01,Ginza Line,train,1.3,3,0
G02,G03,Ginza Line,train,0.7,2,0
G02,C04,Transfer Channel,transfer,0,0,6
G02,Z02,Transfer Channel,transfer,0,0,6
G03,G02,Ginza Line,train,0.7,2,0
G03,G04,Ginza Line,train,0.7,2,0
G04,G03,Ginza Line,train,0.7,2,0
G04,G05,Ginza Line,train,1.3,3,0
G04,E24,Transfer Channel,transfer,0,0,6
G04,Z03,Transfer Channel,transfer,0,0,6
G05,G04,Ginza Line,train,1.3,3,0
G05,G06,Ginza Line,train,0.9,2.4,0
G05,M13,Transfer Channel,transfer,0,0,6
G05,N07,Transfer Channel,transfer,0,0,6
G05,Z04,Transfer Channel,transfer,0,0,6
G05,Y16,Transfer Channel,transfer,0,0,6
G06,G05,Ginza Line,train,0.9,2.4,0
G06,G07,Ginza Line,train,0.6,1.9,0
G06,C07,Transfer Channel,transfer,0,0,6
G06,M14,Transfer Channel,transfer,0,0,6
G06,N06,Transfer Channel,transfer,0,0,6
G07,G06,Ginza Line,train,0.6,1.9,0
G07,G08,Ginza Line,train,0.8,2.2,0
G08,G07,Ginza Line,train,0.8,2.2,0
G08,G09,Ginza Line,train,0.9,2.4,0
G08,A10,Transfer Channel,transfer,0,0,6
G09,G08,Ginza Line,train,0.9,2.4,0
G09,G10,Ginza Line,train,0.7,2,0
G09,M16,Transfer Channel,transfer,0,0,6
G09,H08,Transfer Channel,transfer,0,0,6
G10,G09,Ginza Line,train,0.7,2,0
G10,G11,Ginza Line,train,0.7,2,0
G11,G10,Ginza Line,train,0.7,2,0
G11,G12,Ginza Line,train,0.6,1.9,0
G11,T10,Transfer Channel,transfer,0,0,6
G11,A13,Transfer Channel,transfer,0,0,6
G12,G11,Ginza Line,train,0.6,1.9,0
G12,G13,Ginza Line,train,0.7,2,0
G12,Z09,Transfer Channel,transfer,0,0,6
G13,G12,Ginza Line,train,0.7,2,0
G13,G14,Ginza Line,train,1.1,2.7,0
G14,G13,Ginza Line,train,1.1,2.7,0
G14,G15,Ginza Line,train,0.6,1.9,0
G15,G14,Ginza Line,train,0.6,1.9,0
G15,G16,Ginza Line,train,0.8,2.2,0
G15,E09,Transfer Channel,transfer,0,0,6
G15,H16,Transfer Channel,transfer,0,0,6
G16,G15,Ginza Line,train,0.8,2.2,0
G16,G17,Ginza Line,train,0.7,2,0
G16,H17,Transfer Channel,transfer,0,0,6
G17,G16,Ginza Line,train,0.7,2,0
G17,G18,Ginza Line,train,0.7,2,0
G18,G17,Ginza Line,train,0.7,2,0
G18,G19,Ginza Line,train,0.8,2.2,0
G19,G18,Ginza Line,train,0.8,2.2,0
G19,A18,Transfer Channel,transfer,0,0,6
H01,H02,Hibiya Line,train,1,2.5,0
H02,H01,Hibiya Line,train,1,2.5,0
H02,H03,Hibiya Line,train,1.5,3.2,0
H03,H02,Hibiya Line,train,1.5,3.2,0
H03,H04,Hibiya Line,train,1.7,3.5,0
H04,H03,Hibiya Line,train,1.7,3.5,0
H04,H05,Hibiya Line,train,1.5,3.2,0
H04,E23,Transfer Channel,transfer,0,0,6
H05,H04,Hibiya Line,train,1.5,3.2,0
H05,H06,Hibiya Line,train,0.8,2.2,0
H06,H05,Hibiya Line,train,0.8,2.2,0
H06,H07,Hibiya Line,train,0.5,1.8,0
H06,M15,Transfer Channel,transfer,0,0,6
H06,C08,Transfer Channel,transfer,0,0,6
H07,H06,Hibiya Line,train,0.5,1.8,0
H07,H08,Hibiya Line,train,1.2,2.8,0
H07,I08,Transfer Channel,transfer,0,0,6
H07,C09,Transfer Channel,transfer,0,0,6
H07,Y18,Transfer Channel,transfer,0,0,6
H08,H07,Hibiya Line,train,1.2,2.8,0
H08,H09,Hibiya Line,train,0.4,1.6,0
H08,M16,Transfer Channel,transfer,0,0,6
H08,G09,Transfer Channel,transfer,0,0,6
H09,H08,Hibiya Line,train,0.4,1.6,0
H09,H10,Hibiya Line,train,0.4,1.6,0
H09,A11,Transfer Channel,transfer,0,0,6
H10,H09,Hibiya Line,train,0.4,1.6,0
H10,H11,Hibiya Line,train,0.6,1.9,0
H11,H10,Hibiya Line,train,0.6,1.9,0
H11,H12,Hibiya Line,train,1,2.5,0
H12,H11,Hibiya Line,train,1,2.5,0
H12,H13,Hibiya Line,train,0.5,1.8,0
H12,T11,Transfer Channel,transfer,0,0,6
H13,H12,Hibiya Line,train,0.5,1.8,0
H13,H14,Hibiya Line,train,0.9,2.4,0
H13,A14,Transfer Channel,transfer,0,0,6
H14,H13,Hibiya Line,train,0.9,2.4,0
H14,H15,Hibiya Line,train,0.6,1.9,0
H15,H14,Hibiya Line,train,0.6,1.9,0
H15,H16,Hibiya Line,train,0.9,2.4,0
H15,S08,Transfer Channel,transfer,0,0,6
H16,H15,Hibiya Line,train,0.9,2.4,0
H16,H17,Hibiya Line,train,1,2.5,0
H16,E09,Transfer Channel,transfer,0,0,6
H16,G15,Transfer Channel,transfer,0,0,6
H17,H16,Hibiya Line,train,1,2.5,0
H17,H18,Hibiya Line,train,0.5,1.8,0
H17,G16,Transfer Channel,transfer,0,0,6
H18,H17,Hibiya Line,train,0.5,1.8,0
H18,H19,Hibiya Line,train,1.2,2.8,0
H19,H18,Hibiya Line,train,1.2,2.8,0
H19,H20,Hibiya Line,train,1.2,2.8,0
H20,H19,Hibiya Line,train,1.2,2.8,0
H20,H21,Hibiya Line,train,0.8,2.2,0
H21,H20,Hibiya Line,train,0.8,2.2,0
H21,H22,Hibiya Line,train,2.1,4.2,0
H21,C18,Transfer Channel,transfer,0,0,6
H22,H21,Hibiya Line,train,2.1,4.2,0
H22,C18,Transfer Channel,transfer,0,0,6
I01,I02,Mita Line,train,1.3,3,0
I01,N01,Transfer Channel,transfer,0,0,6
I02,I01,Mita Line,train,1.3,3,0
I02,I03,Mita Line,train,1,2.5,0
I02,N01,Transfer Channel,transfer,0,0,6
I03,I02,Mita Line,train,1,2.5,0
I03,I04,Mita Line,train,1.7,3.5,0
I03,N01,Transfer Channel,transfer,0,0,6
I04,I03,Mita Line,train,1.7,3.5,0
I04,I05,Mita Line,train,0.6,1.9,0
I04,A08,Transfer Channel,transfer,0,0,6
I05,I04,Mita Line,train,0.6,1.9,0
I05,I06,Mita Line,train,0.7,2,0
I06,I05,Mita Line,train,0.7,2,0
I06,I07,Mita Line,train,1.1,2.7,0
I07,I06,Mita Line,train,1.1,2.7,0
I07,I08,Mita Line,train,0.9,2.4,0
I08,I07,Mita Line,train,0.9,2.4,0
I08,I09,Mita Line,train,0.9,2.4,0
I08,C09,Transfer Channel,transfer,0,0,6
I08,H07,Transfer Channel,transfer,0,0,6
I08,Y18,Transfer Channel,transfer,0,0,6
I09,I08,Mita Line,train,0.9,2.4,0
I09,I10,Mita Line,train,1.4,3.1,0
I09,C11,Transfer Channel,transfer,0,0,6
I09,M18,Transfer Channel,transfer,0,0,6
I09,Z08,Transfer Channel,transfer,0,0,6
I10,I09,Mita Line,train,1.4,3.1,0
I10,I11,Mita Line,train,1,2.5,0
I10,S06,Transfer Channel,transfer,0,0,6
I10,Z07,Transfer Channel,transfer,0,0,6
I11,I10,Mita Line,train,1,2.5,0
I11,I12,Mita Line,train,0.7,2,0
I12,I11,Mita Line,train,0.7,2,0
I12,I13,Mita Line,train,1.4,3.1,0
I12,E07,Transfer Channel,transfer,0,0,6
I12,N11,Transfer Channel,transfer,0,0,6
I12,M22,Transfer Channel,transfer,0,0,6
I13,I12,Mita Line,train,1.4,3.1,0
I13,I14,Mita Line,train,1,2.5,0
I14,I13,Mita Line,train,1,2.5,0
I14,I15,Mita Line,train,0.9,2.4,0
I15,I14,Mita Line,train,0.9,2.4,0
I15,I16,Mita Line,train,1.4,3.1,0
I16,I15,Mita Line,train,1.4,3.1,0
I16,I17,Mita Line,train,1,2.5,0
I17,I16,Mita Line,train,1,2.5,0
I17,I18,Mita Line,train,0.9,2.4,0
I18,I17,Mita Line,train,0.9,2.4,0
I18,I19,Mita Line,train,1.2,2.8,0
I19,I18,Mita Line,train,1.2,2.8,0
I19,I20,Mita Line,train,0.9,2.4,0
I20,I19,Mita Line,train,0.9,2.4,0
I20,I21,Mita Line,train,1.1,2.7,0
I21,I20,Mita Line,train,1.1,2.7,0
I21,I22,Mita Line,train,0.9,2.4,0
I22,I21,Mita Line,train,0.9,2.4,0
I22,I23,Mita Line,train,1.2,2.8,0
I23,I22,Mita Line,train,1.2,2.8,0
I23,I24,Mita Line,train,0.8,2.2,0
I24,I23,Mita Line,train,0.8,2.2,0
I24,I25,Mita Line,train,1,2.5,0
I25,I24,Mita Line,train,1,2.5,0
I25,I26,Mita Line,train,0.7,2,0
I26,I25,Mita Line,train,0.7,2,0
I26,I27,Mita Line,train,0.8,2.2,0
I27,I26,Mita Line,train,0.8,2.2,0
M01,M02,Marunouchi Line,train,1.5,3.2,0
M02,M01,Marunouchi Line,train,1.5,3.2,0
M02,M03,Marunouchi Line,train,1.2,2.8,0
M03,M02,Marunouchi Line,train,1.2,2.8,0
M03,M04,Marunouchi Line,train,0.9,2.4,0
M04,M03,Marunouchi Line,train,0.9,2.4,0
M04,M05,Marunouchi Line,train,1,2.5,0
M05,M04,Marunouchi Line,train,1,2.5,0
M05,M06,Marunouchi Line,train,1.1,2.7,0
M06,M05,Marunouchi Line,train,1.1,2.7,0
M06,M07,Marunouchi Line,train,1.1,2.7,0
M06,Mb05,Marunouchi Line,train,1.3,3,0
M07,M06,Marunouchi Line,train,1.1,2.7,0
M07,M08,Marunouchi Line,train,0.8,2.2,0
M08,M07,Marunouchi Line,train,0.8,2.2,0
M08,M09,Marunouchi Line,train,0.3,1.4,0
M08,E01,Transfer Channel,transfer,0,0,6
M08,S01,Transfer Channel,transfer,0,0,6
M08,E27,Transfer Channel,transfer,0,0,6
M09,M08,Marunouchi Line,train,0.3,1.4,0
M09,M10,Marunouchi Line,train,0.7,2,0
M09,F13,Transfer Channel,transfer,0,0,6
M10,M09,Marunouchi Line,train,0.7,2,0
M10,M11,Marunouchi Line,train,0.9,2.4,0
M11,M10,Marunouchi Line,train,0.9,2.4,0
M11,M12,Marunouchi Line,train,1,2.5,0
M11,E07,Transfer Channel,transfer,0,0,6
M11,N11,Transfer Channel,transfer,0,0,6
M12,M11,Marunouchi Line,train,1,2.5,0
M12,M13,Marunouchi Line,train,1.3,3,0
M12,N08,Transfer Channel,transfer,0,0,6
M13,M12,Marunouchi Line,train,1.3,3,0
M13,M14,Marunouchi Line,train,0.9,2.4,0
M13,G05,Transfer Channel,transfer,0,0,6
M13,N07,Transfer Channel,transfer,0,0,6
M13,Z04,Transfer Channel,transfer,0,0,6
M13,Y16,Transfer Channel,transfer,0,0,6
M14,M13,Marunouchi Line,train,0.9,2.4,0
M14,M15,Marunouchi Line,train,0.7,2,0
M14,C07,Transfer Channel,transfer,0,0,6
M14,N06,Transfer Channel,transfer,0,0,6
M14,G06,Transfer Channel,transfer,0,0,6
M15,M14,Marunouchi Line,train,0.7,2,0
M15,M16,Marunouchi Line,train,1,2.5,0
M15,H06,Transfer Channel,transfer,0,0,6
M15,C08,Transfer Channel,transfer,0,0,6
M16,M15,Marunouchi Line,train,1,2.5,0
M16,M17,Marunouchi Line,train,1.1,2.7,0
M16,H08,Transfer Channel,transfer,0,0,6
M16,G09,Transfer Channel,transfer,0,0,6
M17,M16,Marunouchi Line,train,1.1,2.7,0
M17,M18,Marunouchi Line,train,0.6,1.9,0
M18,M17,Marunouchi Line,train,0.6,1.9,0
M18,M19,Marunouchi Line,train,0.9,2.4,0
M18,I09,Transfer Channel,transfer,0,0,6
M18,C11,Transfer Channel,transfer,0,0,6
M18,Z08,Transfer Channel,transfer,0,0,6
M19,M18,Marunouchi Line,train,0.9,2.4,0
M19,M20,Marunouchi Line,train,0.8,2.2,0
M19,C12,Transfer Channel,transfer,0,0,6
M19,S07,Transfer Channel,transfer,0,0,6
M20,M19,Marunouchi Line,train,0.8,2.2,0
M20,M21,Marunouchi Line,train,0.8,2.2,0
M21,M20,Marunouchi Line,train,0.8,2.2,0
M21,M22,Marunouchi Line,train,0.8,2.2,0
M21,E08,Transfer Channel,transfer,0,0,6
M22,M21,Marunouchi Line,train,0.8,2.2,0
M22,M23,Marunouchi Line,train,1.8,3.7,0
M22,I12,Transfer Channel,transfer,0,0,6
M23,M22,Marunouchi Line,train,1.8,3.7,0
M23,M24,Marunouchi Line,train,1.2,2.8,0
M24,M23,Marunouchi Line,train,1.2,2.8,0
M24,M25,Marunouchi Line,train,1.8,3.7,0
M25,M24,Marunouchi Line,train,1.8,3.7,0
M25,F09,Transfer Channel,transfer,0,0,6
Mb03,Mb04,Marunouchi Line,train,1.3,3,0
Mb04,Mb03,Marunouchi Line,train,1.3,3,0
Mb04,Mb05,Marunouchi Line,train,0.6,1.9,0
Mb05,Mb04,Marunouchi Line,train,0.6,1.9,0
Mb05,M06,Marunouchi Line,train,1.3,3,0
N01,N02,Namboku Line,train,1.3,3,0
N01,I01,Transfer Channel,transfer,0,0,6
N01,I02,Transfer Channel,transfer,0,0,6
N01,I03,Transfer Channel,transfer,0,0,6
N02,N01,Namboku Line,train,1.3,3,0
N02,N03,Namboku Line,train,1,2.5,0
N03,N02,Namboku Line,train,1,2.5,0
N03,N04,Namboku Line,train,1.3,3,0
N04,N03,Namboku Line,train,1.3,3,0
N04,N05,Namboku Line,train,1.2,2.8,0
N04,E22,Transfer Channel,transfer,0,0,6
N05,N04,Namboku Line,train,1.2,2.8,0
N05,N06,Namboku Line,train,0.9,2.4,0
N06,N05,Namboku Line,train,0.9,2.4,0
N06,N07,Namboku Line,train,0.9,2.4,0
N06,C07,Transfer Channel,transfer,0,0,6
N06,M14,Transfer Channel,transfer,0,0,6
N06,G06,Transfer Channel,transfer,0,0,6
N07,N06,Namboku Line,train,0.9,2.4,0
N07,N08,Namboku Line,train,1.3,3,0
N07,G05,Transfer Channel,transfer,0,0,6
N07,M13,Transfer Channel,transfer,0,0,6
N07,Z04,Transfer Channel,transfer,0,0,6
N07,Y16,Transfer Channel,transfer,0,0,6
N08,N07,Namboku Line,train,1.3,3,0
N08,N09,Namboku Line,train,1,2.5,0
N08,M12,Transfer Channel,transfer,0,0,6
N09,N08,Namboku Line,train,1,2.5,0
N09,N10,Namboku Line,train,1.1,2.7,0
N09,S04,Transfer Channel,transfer,0,0,6
N09,Y14,Transfer Channel,transfer,0,0,6
N10,N09,Namboku Line,train,1.1,2.7,0
N10,N11,Namboku Line,train,1.4,3.1,0
N10,E06,Transfer Channel,transfer,0,0,6
N10,T06,Transfer Channel,transfer,0,0,6
N10,Y13,Transfer Channel,transfer,0,0,6
N11,N10,Namboku Line,train,1.4,3.1,0
N11,N12,Namboku Line,train,1.3,3,0
N11,I12,Transfer Channel,transfer,0,0,6
N11,E07,Transfer Channel,transfer,0,0,6
N11,M11,Transfer Channel,transfer,0,0,6
N12,N11,Namboku Line,train,1.3,3,0
N12,N13,Namboku Line,train,0.9,2.4,0
N13,N12,Namboku Line,train,0.9,2.4,0
N13,N14,Namboku Line,train,1.4,3.1,0
N14,N13,Namboku Line,train,1.4,3.1,0
N14,N15,Namboku Line,train,1.4,3.1,0
N15,N14,Namboku Line,train,1.4,3.1,0
N15,N16,Namboku Line,train,1,2.5,0
N16,N15,Namboku Line,train,1,2.5,0
N16,N17,Namboku Line,train,1.2,2.8,0
N17,N16,Namboku Line,train,1.2,2.8,0
N17,N18,Namboku Line,train,1.6,3.4,0
N18,N17,Namboku Line,train,1.6,3.4,0
N18,N19,Namboku Line,train,1.1,2.7,0
N19,N18,Namboku Line,train,1.1,2.7,0
S01,S02,Shinjuku Line,train,0.8,2.2,0
S01,E01,Transfer Channel,transfer,0,0,6
S01,M08,Transfer Channel,transfer,0,0,6
S01,E27,Transfer Channel,transfer,0,0,6
S02,S01,Shinjuku Line,train,0.8,2.2,0
S02,S03,Shinjuku Line,train,1.5,3.2,0
S02,F13,Transfer Channel,transfer,0,0,6
S03,S02,Shinjuku Line,train,1.5,3.2,0
S03,S04,Shinjuku Line,train,1.4,3.1,0
S04,S03,Shinjuku Line,train,1.4,3.1,0
S04,S05,Shinjuku Line,train,1.4,3.1,0
S04,Y14,Transfer Channel,transfer,0,0,6
S04,N09,Transfer Channel,transfer,0,0,6
S05,S04,Shinjuku Line,train,1.4,3.1,0
S05,S06,Shinjuku Line,train,0.6,1.9,0
S05,Z06,Transfer Channel,transfer,0,0,6
S05,T07,Transfer Channel,transfer,0,0,6
S06,S05,Shinjuku Line,train,0.6,1.9,0
S06,S07,Shinjuku Line,train,0.9,2.4,0
S06,I10,Transfer Channel,transfer,0,0,6
S06,Z07,Transfer Channel,transfer,0,0,6
S07,S06,Shinjuku Line,train,0.9,2.4,0
S07,S08,Shinjuku Line,train,0.8,2.2,0
S07,C12,Transfer Channel,transfer,0,0,6
S07,M19,Transfer Channel,transfer,0,0,6
S08,S07,Shinjuku Line,train,0.8,2.2,0
S08,S09,Shinjuku Line,train,0.8,2.2,0
S08,H15,Transfer Channel,transfer,0,0,6
S09,S08,Shinjuku Line,train,0.8,2.2,0
S09,S10,Shinjuku Line,train,0.6,1.9,0
S09,A15,Transfer Channel,transfer,0,0,6
S10,S09,Shinjuku Line,train,0.6,1.9,0
S10,S11,Shinjuku Line,train,0.8,2.2,0
S11,S10,Shinjuku Line,train,0.8,2.2,0
S11,S12,Shinjuku Line,train,0.8,2.2,0
S11,E13,Transfer Channel,transfer,0,0,6
S12,S11,Shinjuku Line,train,0.8,2.2,0
S12,S13,Shinjuku Line,train,0.9,2.4,0
S13,S12,Shinjuku Line,train,0.9,2.4,0
S13,S14,Shinjuku Line,train,1,2.5,0
S13,Z12,Transfer Channel,transfer,0,0,6
S14,S13,Shinjuku Line,train,1,2.5,0
S14,S15,Shinjuku Line,train,0.7,2,0
S15,S14,Shinjuku Line,train,0.7,2,0
S15,S16,Shinjuku Line,train,1.2,2.8,0
S16,S15,Shinjuku Line,train,1.2,2.8,0
S16,S17,Shinjuku Line,train,1.7,3.5,0
S17,S16,Shinjuku Line,train,1.7,3.5,0
S17,S18,Shinjuku Line,train,1.7,3.5,0
S18,S17,Shinjuku Line,train,1.7,3.5,0
S18,S19,Shinjuku Line,train,1.7,3.5,0
S19,S18,Shinjuku Line,train,1.7,3.5,0
S19,S20,Shinjuku Line,train,1.5,3.2,0
S20,S19,Shinjuku Line,train,1.5,3.2,0
S20,S21,Shinjuku Line,train,2.8,5.2,0
S21,S20,Shinjuku Line,train,2.8,5.2,0
T01,T02,Tōzai Line,train,2,4,0
T02,T01,Tōzai Line,train,2,4,0
T02,T03,Tōzai Line,train,1.9,3.8,0
T03,T02,Tōzai Line,train,1.9,3.8,0
T03,T04,Tōzai Line,train,1.7,3.5,0
T04,T03,Tōzai Line,train,1.7,3.5,0
T04,T05,Tōzai Line,train,1.2,2.8,0
T05,T04,Tōzai Line,train,1.2,2.8,0
T05,T06,Tōzai Line,train,1.2,2.8,0
T06,T05,Tōzai Line,train,1.2,2.8,0
T06,T07,Tōzai Line,train,0.7,2,0
T06,E06,Transfer Channel,transfer,0,0,6
T06,Y13,Transfer Channel,transfer,0,0,6
T06,N10,Transfer Channel,transfer,0,0,6
T07,T06,Tōzai Line,train,0.7,2,0
T07,T08,Tōzai Line,train,1,2.5,0
T07,S05,Transfer Channel,transfer,0,0,6
T07,Z06,Transfer Channel,transfer,0,0,6
T08,T07,Tōzai Line,train,1,2.5,0
T08,T09,Tōzai Line,train,1,2.5,0
T09,T08,Tōzai Line,train,1,2.5,0
T09,T10,Tōzai Line,train,0.8,2.2,0
T10,T09,Tōzai Line,train,0.8,2.2,0
T10,T11,Tōzai Line,train,0.5,1.8,0
T10,G11,Transfer Channel,transfer,0,0,6
T10,A13,Transfer Channel,transfer,0,0,6
T11,T10,Tōzai Line,train,0.5,1.8,0
T11,T12,Tōzai Line,train,1.8,3.7,0
T11,H12,Transfer Channel,transfer,0,0,6
T12,T11,Tōzai Line,train,1.8,3.7,0
T12,T13,Tōzai Line,train,1.1,2.7,0
T12,E15,Transfer Channel,transfer,0,0,6
T13,T12,Tōzai Line,train,1.1,2.7,0
T13,T14,Tōzai Line,train,0.9,2.4,0
T14,T13,Tōzai Line,train,0.9,2.4,0
T14,T15,Tōzai Line,train,1.2,2.8,0
T15,T14,Tōzai Line,train,1.2,2.8,0
T15,T16,Tōzai Line,train,2.7,5.1,0
T16,T15,Tōzai Line,train,2.7,5.1,0
T16,T17,Tōzai Line,train,1.2,2.8,0
T17,T16,Tōzai Line,train,1.2,2.8,0
T17,T18,Tōzai Line,train,1.9,3.8,0
T18,T17,Tōzai Line,train,1.9,3.8,0
T18,T19,Tōzai Line,train,1.2,2.8,0
T19,T18,Tōzai Line,train,1.2,2.8,0
T19,T20,Tōzai Line,train,1.5,3.2,0
T20,T19,Tōzai Line,train,1.5,3.2,0
T20,T21,Tōzai Line,train,1.3,3,0
T21,T20,Tōzai Line,train,1.3,3,0
T21,T22,Tōzai Line,train,2.1,4.2,0
T22,T21,Tōzai Line,train,2.1,4.2,0
T22,T23,Tōzai Line,train,1.9,3.8,0
T23,T22,Tōzai Line,train,1.9,3.8,0
Y01,Y02,Yūrakuchō Line,train,2.2,4.3,0
Y01,F01,Transfer Channel,transfer,0,0,6
Y02,Y01,Yūrakuchō Line,train,2.2,4.3,0
Y02,Y03,Yūrakuchō Line,train,1.4,3.1,0
Y02,F02,Transfer Channel,transfer,0,0,6
Y03,Y02,Yūrakuchō Line,train,1.4,3.1,0
Y03,Y04,Yūrakuchō Line,train,1.8,3.7,0
Y03,F03,Transfer Channel,transfer,0,0,6
Y04,Y03,Yūrakuchō Line,train,1.8,3.7,0
Y04,Y05,Yūrakuchō Line,train,1.4,3.1,0
Y04,F04,Transfer Channel,transfer,0,0,6
Y05,Y04,Yūrakuchō Line,train,1.4,3.1,0
Y05,Y06,Yūrakuchō Line,train,1.5,3.2,0
Y05,F05,Transfer Channel,transfer,0,0,6
Y06,Y05,Yūrakuchō Line,train,1.5,3.2,0
Y06,Y07,Yūrakuchō Line,train,1,2.5,0
Y06,F06,Transfer Channel,transfer,0,0,6
Y07,Y06,Yūrakuchō Line,train,1,2.5,0
Y07,Y08,Yūrakuchō Line,train,1,2.5,0
Y07,F07,Transfer Channel,transfer,0,0,6
Y08,Y07,Yūrakuchō Line,train,1,2.5,0
Y08,Y09,Yūrakuchō Line,train,1.2,2.8,0
Y08,F08,Transfer Channel,transfer,0,0,6
Y09,Y08,Yūrakuchō Line,train,1.2,2.8,0
Y09,Y10,Yūrakuchō Line,train,0.9,2.4,0
Y09,F09,Transfer Channel,transfer,0,0,6
Y10,Y09,Yūrakuchō Line,train,0.9,2.4,0
Y10,Y11,Yūrakuchō Line,train,1.1,2.7,0
Y11,Y10,Yūrakuchō Line,train,1.1,2.7,0
Y11,Y12,Yūrakuchō Line,train,1.3,3,0
Y12,Y11,Yūrakuchō Line,train,1.3,3,0
Y12,Y13,Yūrakuchō Line,train,1.6,3.4,0
Y13,Y12,Yūrakuchō Line,train,1.6,3.4,0
Y13,Y14,Yūrakuchō Line,train,1.1,2.7,0
Y13,E06,Transfer Channel,transfer,0,0,6
Y13,T06,Transfer Channel,transfer,0,0,6
Y13,N10,Transfer Channel,transfer,0,0,6
Y14,Y13,Yūrakuchō Line,train,1.1,2.7,0
Y14,Y15,Yūrakuchō Line,train,0.9,2.4,0
Y14,S04,Transfer Channel,transfer,0,0,6
Y14,N09,Transfer Channel,transfer,0,0,6
Y15,Y14,Yūrakuchō Line,train,0.9,2.4,0
Y15,Y16,Yūrakuchō Line,train,0.9,2.4,0
Y16,Y15,Yūrakuchō Line,train,0.9,2.4,0
Y16,Y17,Yūrakuchō Line,train,0.9,2.4,0
Y16,G05,Transfer Channel,transfer,0,0,6
Y16,M13,Transfer Channel,transfer,0,0,6
Y16,N07,Transfer Channel,transfer,0,0,6
Y16,Z04,Transfer Channel,transfer,0,0,6
Y17,Y16,Yūrakuchō Line,train,0.9,2.4,0
Y17,Y18,Yūrakuchō Line,train,1,2.5,0
Y18,Y17,Yūrakuchō Line,train,1,2.5,0
Y18,Y19,Yūrakuchō Line,train,0.5,1.8,0
Y18,I08,Transfer Channel,transfer,0,0,6
Y18,C09,Transfer Channel,transfer,0,0,6
Y18,H07,Transfer Channel,transfer,0,0,6
Y19,Y18,Yūrakuchō Line,train,0.5,1.8,0
Y19,Y20,Yūrakuchō Line,train,0.7,2,0
Y20,Y19,Yūrakuchō Line,train,0.7,2,0
Y20,Y21,Yūrakuchō Line,train,1.3,3,0
Y21,Y20,Yūrakuchō Line,train,1.3,3,0
Y21,Y22,Yūrakuchō Line,train,1.4,3.1,0
Y21,E16,Transfer Channel,transfer,0,0,6
Y22,Y21,Yūrakuchō Line,train,1.4,3.1,0
Y22,Y23,Yūrakuchō Line,train,1.7,3.5,0
Y23,Y22,Yūrakuchō Line,train,1.7,3.5,0
Y23,Y24,Yūrakuchō Line,train,1.5,3.2,0
Y24,Y23,Yūrakuchō Line,train,1.5,3.2,0
Z01,Z02,Hanzōmon Line,train,1.3,3,0
Z01,F16,Transfer Channel,transfer,0,0,6
Z01,G01,Transfer Channel,transfer,0,0,6
Z02,Z01,Hanzōmon Line,train,1.3,3,0
Z02,Z03,Hanzōmon Line,train,1.4,3.1,0
Z02,C04,Transfer Channel,transfer,0,0,6
Z02,G02,Transfer Channel,transfer,0,0,6
Z03,Z02,Hanzōmon Line,train,1.4,3.1,0
Z03,Z04,Hanzōmon Line,train,1.4,3.1,0
Z03,E24,Transfer Channel,transfer,0,0,6
Z03,G04,Transfer Channel,transfer,0,0,6
Z04,Z03,Hanzōmon Line,train,1.4,3.1,0
Z04,Z05,Hanzōmon Line,train,1,2.5,0
Z04,G05,Transfer Channel,transfer,0,0,6
Z04,M13,Transfer Channel,transfer,0,0,6
Z04,N07,Transfer Channel,transfer,0,0,6
Z04,Y16,Transfer Channel,transfer,0,0,6
Z05,Z04,Hanzōmon Line,train,1,2.5,0
Z05,Z06,Hanzōmon Line,train,1.6,3.4,0
Z06,Z05,Hanzōmon Line,train,1.6,3.4,0
Z06,Z07,Hanzōmon Line,train,0.4,1.6,0
Z06,S05,Transfer Channel,transfer,0,0,6
Z06,T07,Transfer Channel,transfer,0,0,6
Z07,Z06,Hanzōmon Line,train,0.4,1.6,0
Z07,Z08,Hanzōmon Line,train,1.7,3.5,0
Z07,S06,Transfer Channel,transfer,0,0,6
Z07,I10,Transfer Channel,transfer,0,0,6
Z08,Z07,Hanzōmon Line,train,1.7,3.5,0
Z08,Z09,Hanzōmon Line,train,0.7,2,0
Z08,I09,Transfer Channel,transfer,0,0,6
Z08,C11,Transfer Channel,transfer,0,0,6
Z08,M18,Transfer Channel,transfer,0,0,6
Z09,Z08,Hanzōmon Line,train,0.7,2,0
Z09,Z10,Hanzōmon Line,train,1.3,3,0
Z09,G12,Transfer Channel,transfer,0,0,6
Z10,Z09,Hanzōmon Line,train,1.3,3,0
Z10,Z11,Hanzōmon Line,train,1.7,3.5,0
Z11,Z10,Hanzōmon Line,train,1.7,3.5,0
Z11,Z12,Hanzōmon Line,train,1.9,3.8,0
Z11,E14,Transfer Channel,transfer,0,0,6
Z12,Z11,Hanzōmon Line,train,1.9,3.8,0
Z12,Z13,Hanzōmon Line,train,1,2.5,0
Z12,S13,Transfer Channel,transfer,0,0,6
Z13,Z12,Hanzōmon Line,train,1,2.5,0
Z13,Z14,Hanzōmon Line,train,1.4,3.1,0
Z14,Z13,Hanzōmon Line,train,1.4,3.1,0
Z14,A20,Transfer Channel,transfer,0,0,6
