station_id,station_name,line,lat,lon,operator
M08,Shinjuku,Marunouchi,35.692452,139.700548,TokyoMetro
C13,Yushima,Chiyoda,35.706805,139.769981,TokyoMetro
C20,KitaAyase,Chiyoda,35.77689,139.832095,TokyoMetro
C01,YoyogiUehara,Chiyoda,35.669017,139.679884,TokyoMetro
G16,Ueno,Ginza,35.711835,139.775625,TokyoMetro
C06,Akasaka,Chiyoda,35.672104,139.736413,TokyoMetro
C19,Ayase,Chiyoda,35.762285,139.82489,TokyoMetro
C09,Hibiya,Chiyoda,35.673955,139.758765,TokyoMetro
C08,Kasumigaseki,Chiyoda,35.67256,139.75177,TokyoMetro
C10,Nijubashimae,Chiyoda,35.680505,139.76178,TokyoMetro
C18,KitaSenju,Chiyoda,35.7492,139.804403,TokyoMetro
C07,KokkaiGijidomae,Chiyoda,35.673566,139.743188,TokyoMetro
C17,Machiya,Chiyoda,35.742068,139.780047,TokyoMetro
C11,Otemachi,Chiyoda,35.68525,139.763285,TokyoMetro
C03,MeijiJingumae,Chiyoda,35.669123,139.703944,TokyoMetro
C14,Nezu,Chiyoda,35.717325,139.76575,TokyoMetro
C16,NishiNippori,Chiyoda,35.732355,139.76689,TokyoMetro
C05,Nogizaka,Chiyoda,35.666592,139.726229,TokyoMetro
C04,OmoteSando,Chiyoda,35.665652,139.711346,TokyoMetro
H18,Ueno,Hibiya,35.711558,139.777061,TokyoMetro
C15,Sendagi,Chiyoda,35.725746,139.763303,TokyoMetro
C12,ShinOchanomizu,Chiyoda,35.696925,139.76545,TokyoMetro
C02,YoyogiKoen,Chiyoda,35.669104,139.689791,TokyoMetro
F03,ChikatetsuAkatsuka,Fukutoshin,35.76998,139.644001,TokyoMetro
F02,ChikatetsuNarimasu,Fukutoshin,35.77674,139.63117,TokyoMetro
F04,Heiwadai,Fukutoshin,35.757555,139.6543,TokyoMetro
F12,HigashiShinjuku,Fukutoshin,35.699829,139.707846,TokyoMetro
G03,Gaiemmae,Ginza,35.670375,139.717825,TokyoMetro
F05,Hikawadai,Fukutoshin,35.74962,139.66547,TokyoMetro
F11,NishiWaseda,Fukutoshin,35.707806,139.70912,TokyoMetro
F09,Ikebukuro,Fukutoshin,35.730345,139.71115,TokyoMetro
F08,Kanamecho,Fukutoshin,35.733215,139.69848,TokyoMetro
F14,KitaSando,Fukutoshin,35.678503,139.705469,TokyoMetro
F06,KotakeMukaihara,Fukutoshin,35.743395,139.67952,TokyoMetro
F15,MeijiJingumae,Fukutoshin,35.668205,139.70524,TokyoMetro
F07,Senkawa,Fukutoshin,35.738175,139.6894,TokyoMetro
F16,Shibuya,Fukutoshin,35.659092,139.70257,TokyoMetro
F13,ShinjukuSanchome,Fukutoshin,35.690609,139.704727,TokyoMetro
F01,Wakoshi,Fukutoshin,35.78835,139.612865,TokyoMetro
F10,Zoshigaya,Fukutoshin,35.7202,139.714715,TokyoMetro
G05,AkasakaMitsuke,Ginza,35.676845,139.737347,TokyoMetro
G04,AoyamaItchome,Ginza,35.67279,139.724145,TokyoMetro
G19,Asakusa,Ginza,35.710746,139.797774,TokyoMetro
Mb03,Honancho,MarunouchiBranch,35.683515,139.657935,TokyoMetro
G09,Ginza,Ginza,35.6715,139.765366,TokyoMetro
G17,Inaricho,Ginza,35.711389,139.78221,TokyoMetro
G13,Kanda,Ginza,35.693715,139.77089,TokyoMetro
G10,Kyobashi,Ginza,35.676704,139.77011,TokyoMetro
M24,ShinOtsuka,Marunouchi,35.72613,139.729354,TokyoMetro
G12,Mitsukoshimae,Ginza,35.687173,139.773582,TokyoMetro
G11,Nihombashi,Ginza,35.681879,139.773335,TokyoMetro
G02,OmoteSando,Ginza,35.665042,139.712473,TokyoMetro
G01,Shibuya,Ginza,35.659097,139.702673,TokyoMetro
G07,Toranomon,Ginza,35.67016,139.75012,TokyoMetro
G15,UenoHirokoji,Ginza,35.707765,139.773011,TokyoMetro
G08,Shimbashi,Ginza,35.667382,139.758512,TokyoMetro
G14,Suehirocho,Ginza,35.70278,139.771762,TokyoMetro
Z06,Kudanshita,Hanzomon,35.695501,139.751117,TokyoMetro
G06,TameikeSanno,Ginza,35.671511,139.741943,TokyoMetro
G18,Tawaramachi,Ginza,35.709917,139.790306,TokyoMetro
Z03,AoyamaItchome,Hanzomon,35.672956,139.724075,TokyoMetro
Z05,Hanzomon,Hanzomon,35.68538,139.741695,TokyoMetro
Z07,Jimbocho,Hanzomon,35.696021,139.75756,TokyoMetro
Z13,Kinshicho,Hanzomon,35.697441,139.814957,TokyoMetro
H03,HiroO,Hibiya,35.651499,139.722209,TokyoMetro
Z11,KiyosumiShirakawa,Hanzomon,35.682119,139.799841,TokyoMetro
Z09,Mitsukoshimae,Hanzomon,35.684928,139.77308,TokyoMetro
Z04,Nagatacho,Hanzomon,35.678407,139.738865,TokyoMetro
Z02,OmoteSando,Hanzomon,35.665143,139.712383,TokyoMetro
Z14,Oshiage,Hanzomon,35.708467,139.813735,TokyoMetro
Z08,Otemachi,Hanzomon,35.686745,139.764905,TokyoMetro
Z01,Shibuya,Hanzomon,35.65945,139.701035,TokyoMetro
Z10,Suitengumae,Hanzomon,35.683,139.785171,TokyoMetro
Z12,Sumiyoshi,Hanzomon,35.688704,139.815667,TokyoMetro
H10,HigashiGinza,Hibiya,35.669129,139.767633,TokyoMetro
H16,Akihabara,Hibiya,35.697965,139.775529,TokyoMetro
H02,Ebisu,Hibiya,35.64704,139.708701,TokyoMetro
H09,Ginza,Hibiya,35.671983,139.764007,TokyoMetro
H12,Hatchobori,Hibiya,35.675368,139.777334,TokyoMetro
H08,Hibiya,Hibiya,35.674271,139.7606,TokyoMetro
H19,Iriya,Hibiya,35.720565,139.784466,TokyoMetro
H05,Kamiyacho,Hibiya,35.662625,139.744725,TokyoMetro
H15,Kodemmacho,Hibiya,35.690423,139.778758,TokyoMetro
H07,Kasumigaseki,Hibiya,35.673875,139.75106,TokyoMetro
H13,Kayabacho,Hibiya,35.679078,139.779619,TokyoMetro
M23,Myogadani,Marunouchi,35.7172,139.736895,TokyoMetro
H22,KitaSenju,Hibiya,35.749904,139.805591,TokyoMetro
H21,MinamiSenju,Hibiya,35.73231,139.79878,TokyoMetro
H20,Minowa,Hibiya,35.729285,139.791165,TokyoMetro
H01,NakaMeguro,Hibiya,35.644108,139.698833,TokyoMetro
H17,NakaOkachimachi,Hibiya,35.706655,139.77619,TokyoMetro
H14,Ningyocho,Hibiya,35.686259,139.782339,TokyoMetro
H04,Roppongi,Hibiya,35.6628,139.731155,TokyoMetro
H06,ToranomonHills,Hibiya,35.667309,139.747738,TokyoMetro
M01,Ogikubo,Marunouchi,35.704175,139.61976,TokyoMetro
H11,Tsukiji,Hibiya,35.667928,139.772473,TokyoMetro
M13,AkasakaMitsuke,Marunouchi,35.676845,139.737347,TokyoMetro
M19,Awajicho,Marunouchi,35.69487,139.767455,TokyoMetro
M16,Ginza,Marunouchi,35.673159,139.763876,TokyoMetro
M04,HigashiKoenji,Marunouchi,35.697965,139.658295,TokyoMetro
M21,HongoSanchome,Marunouchi,35.706726,139.760154,TokyoMetro
M25,Ikebukuro,Marunouchi,35.730345,139.71115,TokyoMetro
M15,Kasumigaseki,Marunouchi,35.674235,139.75268,TokyoMetro
M14,KokkaiGijidomae,Marunouchi,35.674926,139.745473,TokyoMetro
M17,Tokyo,Marunouchi,35.681935,139.7648,TokyoMetro
M22,Korakuen,Marunouchi,35.707307,139.750861,TokyoMetro
M02,MinamiAsagaya,Marunouchi,35.699455,139.635575,TokyoMetro
M06,NakanoSakaue,Marunouchi,35.697085,139.682205,TokyoMetro
M07,NishiShinjuku,Marunouchi,35.694515,139.69256,TokyoMetro
M20,Ochanomizu,Marunouchi,35.70043,139.764405,TokyoMetro
M18,Otemachi,Marunouchi,35.686875,139.766203,TokyoMetro
M03,ShinKoenji,Marunouchi,35.69786,139.64851,TokyoMetro
M05,ShinNakano,Marunouchi,35.697475,139.66951,TokyoMetro
M10,ShinjukuGyoemmae,Marunouchi,35.688525,139.710915,TokyoMetro
M09,ShinjukuSanchome,Marunouchi,35.69118,139.70421,TokyoMetro
M11,YotsuyaSanchome,Marunouchi,35.687835,139.719325,TokyoMetro
M12,Yotsuya,Marunouchi,35.684197,139.730047,TokyoMetro
Mb04,NakanoFujimicho,MarunouchiBranch,35.69082,139.668155,TokyoMetro
T17,Kasai,Tozai,35.663616,139.87253,TokyoMetro
M06,NakanoSakaue,MarunouchiBranch,35.697085,139.682205,TokyoMetro
Mb05,NakanoShimbashi,MarunouchiBranch,35.691685,139.674001,TokyoMetro
T20,Gyotoku,Tozai,35.68262,139.914185,TokyoMetro
N19,AkabaneIwabuchi,Namboku,35.783355,139.72211,TokyoMetro
N04,AzabuJuban,Namboku,35.65481,139.737045,TokyoMetro
N13,HonKomagome,Namboku,35.724365,139.753812,TokyoMetro
N09,Ichigaya,Namboku,35.692894,139.736324,TokyoMetro
N10,Iidabashi,Namboku,35.701532,139.743716,TokyoMetro
N14,Komagome,Namboku,35.735913,139.746909,TokyoMetro
T19,MinamiGyotoku,Tozai,35.672729,139.902276,TokyoMetro
N11,Korakuen,Namboku,35.70839,139.751786,TokyoMetro
N01,Meguro,Namboku,35.632485,139.71566,TokyoMetro
N07,Nagatacho,Namboku,35.678338,139.739288,TokyoMetro
N15,Nishigahara,Namboku,35.745945,139.74226,TokyoMetro
N17,OjiKamiya,Namboku,35.765292,139.735641,TokyoMetro
N16,Oji,Namboku,35.75447,139.737362,TokyoMetro
N05,RoppongiItchome,Namboku,35.665075,139.7389,TokyoMetro
N18,Shimo,Namboku,35.778025,139.7325,TokyoMetro
N03,ShirokaneTakanawa,Namboku,35.643145,139.734285,TokyoMetro
N02,Shirokanedai,Namboku,35.63777,139.72586,TokyoMetro
N06,TameikeSanno,Namboku,35.673091,139.741294,TokyoMetro
N12,Todaimae,Namboku,35.718014,139.75788,TokyoMetro
N08,Yotsuya,Namboku,35.686082,139.72968,TokyoMetro
T22,BarakiNakayama,Tozai,35.7033,139.941915,TokyoMetro
T08,Takebashi,Tozai,35.69044,139.75767,TokyoMetro
T06,Iidabashi,Tozai,35.701403,139.746521,TokyoMetro
T05,Kagurazaka,Tozai,35.703865,139.73452,TokyoMetro
T11,Kayabacho,Tozai,35.680346,139.77927,TokyoMetro
T13,Kiba,Tozai,35.669356,139.807115,TokyoMetro
T07,Kudanshita,Tozai,35.696091,139.751265,TokyoMetro
T14,Toyocho,Tozai,35.66959,139.81768,TokyoMetro
T15,MinamiSunamachi,Tozai,35.668415,139.831695,TokyoMetro
T18,Urayasu,Tozai,35.665903,139.893236,TokyoMetro
T12,MonzenNakacho,Tozai,35.671892,139.796099,TokyoMetro
T21,Myoden,Tozai,35.691014,139.924286,TokyoMetro
T01,Nakano,Tozai,35.70574,139.665605,TokyoMetro
T10,Nihombashi,Tozai,35.682376,139.774101,TokyoMetro
T04,Waseda,Tozai,35.70568,139.72219,TokyoMetro
T23,NishiFunabashi,Tozai,35.707174,139.958767,TokyoMetro
T16,NishiKasai,Tozai,35.664562,139.8596,TokyoMetro
T02,Ochiai,Tozai,35.710635,139.685965,TokyoMetro
T09,Otemachi,Tozai,35.684697,139.76603,TokyoMetro
T03,Takadanobaba,Tozai,35.71328,139.705045,TokyoMetro
Y11,Gokokuji,Yurakucho,35.71918,139.72745,TokyoMetro
Y03,ChikatetsuAkatsuka,Yurakucho,35.769981,139.644,TokyoMetro
Y02,ChikatetsuNarimasu,Yurakucho,35.77674,139.63117,TokyoMetro
Y12,Edogawabashi,Yurakucho,35.709295,139.73413,TokyoMetro
Y19,GinzaItchome,Yurakucho,35.674519,139.766786,TokyoMetro
Y04,Heiwadai,Yurakucho,35.757555,139.6543,TokyoMetro
Y10,HigashiIkebukuro,Yurakucho,35.72595,139.718865,TokyoMetro
Y05,Hikawadai,Yurakucho,35.74962,139.66547,TokyoMetro
Y14,Ichigaya,Yurakucho,35.692576,139.736891,TokyoMetro
Y20,Shintomicho,Yurakucho,35.670529,139.773594,TokyoMetro
Y13,Iidabashi,Yurakucho,35.701342,139.743207,TokyoMetro
Y09,Ikebukuro,Yurakucho,35.729185,139.710885,TokyoMetro
Y01,Wakoshi,Yurakucho,35.78835,139.612865,TokyoMetro
Y08,Kanamecho,Yurakucho,35.733215,139.69848,TokyoMetro
Y15,Kojimachi,Yurakucho,35.684785,139.73735,TokyoMetro
Y06,KotakeMukaihara,Yurakucho,35.743395,139.67952,TokyoMetro
Y16,Nagatacho,Yurakucho,35.677895,139.741773,TokyoMetro
Y17,Sakuradamon,Yurakucho,35.677459,139.751886,TokyoMetro
Y07,Senkawa,Yurakucho,35.738175,139.6894,TokyoMetro
Y24,ShinKiba,Yurakucho,35.64578,139.826605,TokyoMetro
Y23,Tatsumi,Yurakucho,35.645775,139.81033,TokyoMetro
Y22,Toyosu,Yurakucho,35.655153,139.795994,TokyoMetro
Y21,Tsukishima,Yurakucho,35.664711,139.784405,TokyoMetro
Y18,Yurakucho,Yurakucho,35.675973,139.762286,TokyoMetro
