date,avg_temp_c,max_temp_c,min_temp_c,rain_mm,humidity,weather_condition,rain_severity,heat_severity
2024-01-01,9.2,12.5,4.4,0.0,48.0,快晴,0.0,0.0
2024-01-02,6.1,9.2,2.8,0.0,65.0,曇時々雨一時晴,0.3,0.0
2024-01-03,7.4,11.0,2.8,0.0,72.0,曇,0.3,0.0
2024-01-04,9.7,15.3,6.3,0.0,58.0,晴一時曇,0.0,0.0
2024-01-05,7.4,13.6,2.9,0.0,57.0,快晴,0.0,0.0
2024-01-06,9.1,15.6,3.0,0.0,61.0,快晴,0.0,0.0
2024-01-07,8.3,12.7,5.7,0.0,53.0,晴後時々曇,0.0,0.0
2024-01-08,5.4,10.2,2.7,0.0,43.0,快晴,0.0,0.0
2024-01-09,5.4,11.0,1.5,0.0,49.0,快晴,0.0,0.0
2024-01-10,7.2,12.3,1.7,0.0,52.0,晴後薄曇,0.0,0.0
2024-01-11,4.8,7.2,1.8,0.0,51.0,曇,0.0,0.0
2024-01-12,7.1,13.7,0.1,0.0,53.0,快晴,0.0,0.0
2024-01-13,5.9,11.7,1.2,2.0,59.0,晴時々曇一時雪、雷を伴う,0.3,0.0
2024-01-14,6.4,10.5,0.2,0.0,49.0,快晴,0.0,0.0
2024-01-15,6.3,11.4,2.4,0.0,44.0,晴,0.0,0.0
2024-01-16,3.7,7.0,0.0,0.0,43.0,晴,0.0,0.0
2024-01-17,6.2,12.2,0.8,0.0,48.0,快晴,0.0,0.0
2024-01-18,8.5,13.4,2.5,0.0,49.0,晴後曇,0.0,0.0
2024-01-19,10.2,15.1,7.6,0.0,58.0,薄曇時々晴,0.0,0.0
2024-01-20,6.3,7.6,4.6,2.5,69.0,曇後雨,0.3,0.0
2024-01-21,8.1,12.1,4.6,31.5,90.0,雨後時々曇一時晴,0.7,0.0
2024-01-22,10.7,14.6,6.7,0.0,76.0,曇時々晴一時雨,0.3,0.0
2024-01-23,9.0,13.9,5.5,0.0,65.0,晴時々薄曇,0.0,0.0
2024-01-24,4.5,8.4,1.1,0.0,31.0,晴一時薄曇,0.0,0.0
2024-01-25,4.2,9.6,-1.1,0.0,30.0,快晴,0.0,0.0
2024-01-26,6.2,12.0,1.8,0.0,35.0,快晴,0.0,0.0
2024-01-27,7.2,12.2,2.9,0.0,38.0,快晴,0.0,0.0
2024-01-28,6.0,9.6,2.8,0.0,50.0,曇,0.0,0.0
2024-01-29,6.8,11.9,2.4,0.0,51.0,快晴,0.0,0.0
2024-01-30,7.7,13.3,4.0,0.0,52.0,晴,0.0,0.0
2024-01-31,9.3,14.1,2.7,0.0,63.0,快晴,0.3,0.0
2024-02-01,9.8,16.3,5.0,0.0,48.0,晴時々曇,0.0,0.0
2024-02-02,5.0,7.6,3.3,0.0,43.0,曇,0.0,0.0
2024-02-03,6.9,11.7,3.4,0.0,44.0,晴,0.3,0.0
2024-02-04,4.9,6.9,2.6,5.0,77.0,雨後曇,0.3,0.0
2024-02-05,3.0,6.2,0.3,35.0,75.0,曇後雪時々雨一時みぞれ,0.7,0.0
2024-02-06,3.4,5.4,0.8,2.0,93.0,雨後時々曇,0.3,0.0
2024-02-07,4.7,9.6,-0.1,0.0,69.0,快晴,0.0,0.0
2024-02-08,5.7,11.3,1.2,0.0,59.0,晴時々曇,0.0,0.0
2024-02-09,6.8,11.3,2.5,0.0,56.0,薄曇時々晴,0.0,0.0
2024-02-10,7.1,12.4,1.8,0.0,61.0,晴一時薄曇,0.0,0.0
2024-02-11,8.1,12.8,4.3,0.0,47.0,晴後一時曇,0.3,0.0
2024-02-12,7.3,12.7,3.6,0.0,50.0,晴一時曇,0.0,0.0
2024-02-13,9.6,17.3,1.6,0.0,52.0,快晴,0.0,0.0
2024-02-14,10.9,18.5,4.2,0.0,45.0,晴後曇,0.0,0.0
2024-02-15,14.4,21.1,6.1,0.0,63.0,薄曇後時々晴,0.3,0.0
2024-02-16,10.6,17.0,6.2,0.0,46.0,晴一時薄曇,0.0,0.0
2024-02-17,9.0,13.6,4.6,0.0,58.0,曇,0.3,0.0
2024-02-18,13.4,18.8,9.2,0.0,69.0,晴一時曇,0.3,0.0
2024-02-19,15.0,17.2,12.8,5.0,85.0,雨一時曇,0.3,0.0
2024-02-20,18.1,23.7,12.8,0.0,78.0,曇一時晴,0.3,0.0
2024-02-21,8.7,13.2,7.3,5.5,91.0,雨,0.3,0.0
2024-02-22,5.5,8.0,3.6,6.5,95.0,雨一時曇,0.3,0.0
2024-02-23,2.8,4.0,1.7,6.5,93.0,雨一時みぞれ,0.3,0.0
2024-02-24,5.3,10.3,1.2,0.0,60.0,薄曇時々晴,0.0,0.0
2024-02-25,4.4,5.8,3.5,8.5,84.0,雨一時曇,0.3,0.0
2024-02-26,7.8,13.3,4.8,0.5,57.0,晴一時薄曇,0.3,0.0
2024-02-27,7.0,11.4,4.1,0.0,39.0,快晴,0.0,0.0
2024-02-28,8.3,14.4,4.1,0.0,40.0,快晴,0.0,0.0
2024-02-29,7.6,11.8,3.5,4.0,62.0,曇後一時雨,0.3,0.0
2024-03-01,9.9,16.4,3.7,15.5,68.0,晴時々曇一時雨,0.31,0.0
2024-03-02,6.3,10.1,3.9,0.0,38.0,曇一時晴,0.0,0.0
2024-03-03,7.5,13.4,1.2,0.0,41.0,快晴,0.0,0.0
2024-03-04,9.4,15.7,2.9,0.0,41.0,快晴,0.0,0.0
2024-03-05,6.4,9.1,2.0,19.0,71.0,曇後雨,0.38,0.0
2024-03-06,5.6,10.4,2.0,11.0,83.0,雨後曇,0.3,0.0
2024-03-07,6.9,10.7,4.9,0.0,56.0,曇後一時晴,0.3,0.0
2024-03-08,4.5,9.4,0.4,19.0,88.0,曇時々雨一時雪,0.38,0.0
2024-03-09,6.1,11.2,2.6,0.0,53.0,快晴,0.0,0.0
2024-03-10,6.7,13.6,0.5,0.0,40.0,快晴,0.0,0.0
2024-03-11,8.2,13.8,1.8,0.0,49.0,晴後時々薄曇,0.0,0.0
2024-03-12,7.8,10.0,6.1,36.0,79.0,大雨一時曇,0.72,0.0
2024-03-13,9.5,13.7,6.7,0.0,46.0,快晴,0.0,0.0
2024-03-14,9.5,15.6,2.8,0.0,51.0,快晴,0.0,0.0
2024-03-15,11.8,17.6,6.2,0.0,49.0,快晴,0.0,0.0
2024-03-16,14.8,22.7,10.8,0.0,47.0,快晴,0.3,0.0
2024-03-17,16.0,21.7,9.8,0.0,56.0,晴一時曇,0.0,0.0
2024-03-18,9.5,14.6,4.1,0.0,30.0,快晴,0.0,0.0
2024-03-19,8.4,12.4,3.7,0.0,41.0,曇後一時晴,0.0,0.0
2024-03-20,8.5,15.7,4.7,1.0,54.0,晴後曇時々雨、雷を伴う,0.3,0.0
2024-03-21,6.5,11.4,3.4,0.0,34.0,晴,0.0,0.0
2024-03-22,7.2,13.3,1.8,0.0,34.0,快晴,0.0,0.0
2024-03-23,5.7,9.3,2.6,0.5,63.0,雨時々曇一時晴,0.3,0.0
2024-03-24,10.2,15.5,4.2,1.0,83.0,曇後一時雨,0.3,0.0
2024-03-25,11.3,12.5,10.8,9.0,98.0,雨時々曇,0.3,0.0
2024-03-26,9.4,12.3,6.1,45.0,94.0,大雨,0.9,0.0
2024-03-27,10.9,16.5,6.0,0.0,54.0,晴,0.0,0.0
2024-03-28,10.9,14.6,7.2,2.5,68.0,曇一時雨,0.3,0.0
2024-03-29,16.3,22.2,11.7,29.0,88.0,雨後晴,0.7,0.0
2024-03-30,17.8,24.6,12.3,0.0,66.0,晴時々薄曇,0.0,0.0
2024-03-31,19.5,28.1,12.2,0.0,61.0,晴時々薄曇,0.3,0.0
2024-04-01,14.6,19.7,11.8,3.0,73.0,曇時々雨一時晴,0.3,0.0
2024-04-02,14.2,20.6,8.4,0.0,50.0,晴後薄曇,0.0,0.0
2024-04-03,13.9,16.6,12.3,11.5,83.0,雨時々曇,0.3,0.0
2024-04-04,15.4,19.9,11.3,4.0,79.0,曇一時雨,0.3,0.0
2024-04-05,11.4,15.1,9.0,0.5,71.0,曇時々雨,0.3,0.0
2024-04-06,12.7,15.8,9.0,0.0,81.0,曇,0.3,0.0
2024-04-07,17.0,22.6,13.1,1.5,83.0,薄曇時々晴一時雨,0.3,0.0
2024-04-08,18.8,23.2,15.4,0.0,85.0,曇後雨,0.3,0.0
2024-04-09,15.6,19.8,9.7,55.5,78.0,大雨一時曇,1.0,0.0
2024-04-10,11.7,17.8,7.4,0.0,47.0,晴,0.0,0.0
2024-04-11,14.0,19.8,7.7,0.0,62.0,晴後薄曇,0.0,0.0
2024-04-12,15.0,18.2,12.8,2.5,73.0,曇一時雨,0.3,0.0
2024-04-13,16.4,22.7,11.1,0.0,68.0,薄曇時々晴,0.0,0.0
2024-04-14,18.0,24.8,12.7,0.0,66.0,快晴,0.0,0.0
2024-04-15,19.4,26.8,14.0,0.0,65.0,晴後薄曇,0.0,0.0
2024-04-16,19.2,23.4,15.9,0.0,66.0,晴一時曇,0.3,0.0
2024-04-17,20.1,25.5,16.5,0.0,70.0,晴時々曇,0.0,0.0
2024-04-18,17.9,21.4,14.3,1.5,67.0,曇後一時雨,0.3,0.0
2024-04-19,18.3,23.6,14.1,0.0,46.0,晴一時薄曇,0.0,0.0
2024-04-20,19.4,26.1,12.7,0.0,48.0,曇,0.0,0.0
2024-04-21,18.4,23.3,14.9,5.0,67.0,曇後一時雨,0.3,0.0
2024-04-22,15.6,18.6,13.2,7.0,89.0,曇時々雨,0.3,0.0
2024-04-23,16.9,19.4,14.8,0.0,82.0,曇,0.3,0.0
2024-04-24,15.0,16.5,13.9,20.5,94.0,雨,0.7,0.0
2024-04-25,19.5,25.8,13.8,0.5,78.0,晴一時曇,0.3,0.0
2024-04-26,20.3,25.1,15.1,0.0,72.0,曇,0.3,0.0
2024-04-27,19.5,23.2,16.6,0.0,84.0,雨後曇,0.3,0.0
2024-04-28,21.6,28.2,15.7,0.0,71.0,晴後一時薄曇,0.0,0.0
2024-04-29,21.2,25.8,17.4,0.0,80.0,曇,0.3,0.0
2024-04-30,20.9,25.2,18.2,2.5,84.0,曇一時雨,0.3,0.0
2024-05-01,16.5,21.2,11.8,26.5,92.0,雨一時曇,0.7,0.0
2024-05-02,15.3,21.7,10.8,3.0,70.0,晴時々曇,0.3,0.0
2024-05-03,17.7,24.2,11.4,0.0,63.0,快晴,0.0,0.0
2024-05-04,20.9,27.8,14.8,0.0,57.0,快晴,0.0,0.0
2024-05-05,21.5,27.7,15.4,0.0,65.0,晴,0.0,0.0
2024-05-06,20.9,23.6,19.1,0.0,68.0,曇後一時雨,0.3,0.0
2024-05-07,20.0,22.2,18.6,5.0,88.0,雨後時々曇,0.3,0.0
2024-05-08,17.8,23.8,11.4,8.0,83.0,曇後時々雨,0.3,0.0
2024-05-09,13.7,18.9,10.2,1.5,70.0,雨時々曇後晴,0.3,0.0
2024-05-10,17.5,24.4,8.7,0.0,50.0,晴,0.0,0.0
2024-05-11,20.3,25.9,14.1,0.0,61.0,晴,0.0,0.0
2024-05-12,21.1,24.8,17.3,0.0,65.0,曇,0.3,0.0
2024-05-13,19.3,22.0,15.4,58.5,96.0,雨,1.0,0.0
2024-05-14,16.9,21.6,12.2,0.0,71.0,曇後晴,0.0,0.0
2024-05-15,19.4,25.7,13.8,1.5,76.0,薄曇,0.3,0.0
2024-05-16,18.7,25.1,14.7,10.0,79.0,晴時々曇一時雨,0.3,0.0
2024-05-17,20.6,27.2,13.4,0.0,50.0,晴一時薄曇,0.0,0.0
2024-05-18,21.9,28.8,16.2,0.0,59.0,晴後一時薄曇,0.0,0.0
2024-05-19,20.8,24.1,17.7,0.0,75.0,曇後時々雨,0.3,0.0
2024-05-20,17.4,21.4,14.4,34.0,92.0,雨後曇,0.7,0.0
2024-05-21,22.5,28.9,16.9,0.0,74.0,薄曇,0.3,0.0
2024-05-22,20.6,25.3,18.0,0.0,61.0,薄曇一時晴,0.0,0.0
2024-05-23,21.4,25.2,18.1,0.0,75.0,曇,0.0,0.0
2024-05-24,23.3,29.0,18.1,0.0,67.0,薄曇後一時晴,0.0,0.0
2024-05-25,21.4,25.8,18.3,0.0,52.0,晴時々曇,0.0,0.0
2024-05-26,21.6,26.6,17.6,0.0,63.0,晴時々薄曇,0.0,0.0
2024-05-27,22.3,25.1,20.3,0.0,84.0,曇時々雨,0.3,0.0
2024-05-28,24.0,25.9,22.4,19.0,91.0,雨時々曇,0.38,0.0
2024-05-29,22.0,25.8,18.8,0.5,71.0,曇後晴,0.3,0.0
2024-05-30,22.5,27.3,17.5,0.0,73.0,晴後曇,0.3,0.0
2024-05-31,19.0,21.7,16.6,34.0,90.0,雨後曇,0.7,0.0
2024-06-01,20.9,26.3,17.4,0.0,75.0,曇,0.3,0.0
2024-06-02,18.7,24.6,16.2,45.5,88.0,大雨時々曇、雷を伴う,0.91,0.0
2024-06-03,18.3,24.3,15.0,25.5,88.0,曇時々雨後一時晴、雷を伴う,0.7,0.0
2024-06-04,19.5,25.5,14.8,0.0,75.0,晴,0.0,0.0
2024-06-05,21.4,27.4,16.4,0.0,64.0,快晴,0.0,0.0
2024-06-06,22.0,27.0,18.1,0.0,72.0,曇,0.0,0.0
2024-06-07,22.1,26.7,18.1,0.0,67.0,晴時々曇,0.0,0.0
2024-06-08,22.8,28.2,17.4,0.0,66.0,晴後薄曇,0.0,0.0
2024-06-09,22.4,25.7,19.9,0.5,76.0,曇後一時雨,0.3,0.0
2024-06-10,20.7,24.7,17.4,17.0,85.0,曇時々雨,0.34,0.0
2024-06-11,24.0,29.0,19.5,0.0,73.0,晴時々薄曇,0.0,0.0
2024-06-12,24.6,30.1,20.0,0.0,74.0,薄曇後晴,0.0,0.5
2024-06-13,22.6,25.4,20.0,0.0,81.0,曇後一時晴,0.0,0.0
2024-06-14,25.9,31.7,19.5,0.0,67.0,快晴,0.0,0.5
2024-06-15,24.8,29.9,20.9,0.5,75.0,薄曇,0.3,0.0
2024-06-16,23.7,28.7,19.7,5.5,86.0,曇一時雨後晴,0.3,0.0
2024-06-17,26.0,30.5,22.5,0.0,75.0,曇,0.3,0.5
2024-06-18,19.2,22.5,18.0,98.0,100.0,大雨,1.0,0.0
2024-06-19,23.5,29.5,17.2,0.0,72.0,晴,0.0,0.0
2024-06-20,24.4,28.4,20.8,0.0,75.0,薄曇,0.0,0.0
2024-06-21,20.1,23.3,17.3,44.0,94.0,大雨,0.88,0.0
2024-06-22,23.9,30.0,16.8,0.0,67.0,薄曇時々晴,0.3,0.5
2024-06-23,21.6,24.2,20.0,29.5,95.0,雨時々曇,0.7,0.0
2024-06-24,26.7,33.4,21.0,0.0,81.0,晴時々薄曇,0.0,0.6799999999999997
2024-06-25,27.8,31.8,24.5,0.0,76.0,曇,0.0,0.5
2024-06-26,26.9,31.4,24.6,0.0,73.0,曇,0.0,0.5
2024-06-27,25.4,29.8,23.0,0.0,70.0,曇一時晴,0.3,0.0
2024-06-28,22.0,23.8,20.0,82.5,98.0,大雨,1.0,0.0
2024-06-29,23.7,29.0,20.7,0.0,87.0,曇後晴,0.0,0.0
2024-06-30,25.9,29.0,22.8,1.5,84.0,曇後雨,0.3,0.0
2024-07-01,26.3,29.4,24.6,12.5,89.0,雨後一時曇,0.3,0.0
2024-07-02,27.3,31.4,24.1,0.0,80.0,曇,0.3,0.5
2024-07-03,27.7,33.3,23.6,0.0,77.0,薄曇時々晴,0.0,0.6599999999999995
2024-07-04,29.3,35.0,25.0,0.0,75.0,晴後一時曇,0.0,1.0
2024-07-05,30.2,35.5,26.2,0.0,70.0,快晴,0.0,1.0
2024-07-06,28.1,34.2,23.9,36.0,84.0,薄曇後一時大雨、雷を伴う,0.72,0.8400000000000005
2024-07-07,28.9,34.4,24.2,0.0,84.0,薄曇一時晴,0.0,0.8799999999999997
2024-07-08,30.9,36.0,26.1,0.0,73.0,薄曇後晴,0.0,1.0
2024-07-09,30.1,34.5,26.2,0.0,72.0,曇時々雨一時晴,0.3,0.9
2024-07-10,29.5,33.7,26.6,0.0,70.0,曇,0.3,0.7400000000000005
2024-07-11,27.8,29.6,26.1,0.5,77.0,曇時々雨,0.3,0.0
2024-07-12,24.4,26.9,22.4,13.5,93.0,雨,0.3,0.0
2024-07-13,26.2,31.3,22.5,0.0,82.0,薄曇後一時雨,0.3,0.5
2024-07-14,25.4,28.8,23.7,12.5,95.0,曇時々雨,0.3,0.0
2024-07-15,24.6,27.7,23.2,0.5,87.0,曇一時雨,0.3,0.0
2024-07-16,23.9,27.3,22.2,11.5,90.0,雨時々曇,0.3,0.0
2024-07-17,25.8,31.3,22.1,1.0,87.0,曇,0.3,0.5
2024-07-18,28.4,33.4,24.4,0.0,77.0,薄曇後一時晴,0.0,0.6799999999999997
2024-07-19,30.0,34.5,26.0,0.0,72.0,曇後一時晴,0.0,0.9
2024-07-20,30.7,35.8,25.0,45.0,76.0,晴後曇,0.9,1.0
2024-07-21,29.1,34.6,24.6,20.0,79.0,晴時々薄曇,0.7,0.9200000000000003
2024-07-22,30.5,36.6,24.8,9.5,75.0,晴後一時薄曇、雷を伴う,0.3,1.0
2024-07-23,29.5,34.5,24.2,0.0,82.0,快晴,0.0,0.9
2024-07-24,30.1,36.0,24.9,0.0,69.0,曇時々晴、雷を伴う,0.0,1.0
2024-07-25,30.2,34.8,27.0,0.5,72.0,晴時々薄曇一時雨,0.3,0.9599999999999994
2024-07-26,30.1,35.6,26.1,0.0,73.0,薄曇,0.3,1.0
2024-07-27,30.3,35.6,26.7,0.5,76.0,薄曇後一時雨,0.3,1.0
2024-07-28,31.6,36.8,26.5,0.0,67.0,薄曇,0.0,1.0
2024-07-29,32.3,37.3,29.3,0.0,61.0,薄曇後一時晴,0.0,1.0
2024-07-30,30.8,36.1,27.8,0.5,68.0,曇時々晴後一時雨,0.3,1.0
2024-07-31,29.4,35.6,24.6,42.5,77.0,曇後一時雨,0.85,1.0
2024-08-01,28.5,33.5,24.5,0.0,74.0,薄曇一時晴,0.0,0.7
2024-08-02,28.7,33.9,25.4,0.0,74.0,曇後晴,0.0,0.7799999999999997
2024-08-03,29.4,34.6,26.0,0.0,73.0,晴一時曇,0.0,0.9200000000000003
2024-08-04,30.0,35.3,25.4,0.0,67.0,晴,0.0,1.0
2024-08-05,30.0,35.0,26.1,0.0,72.0,薄曇一時晴,0.0,1.0
2024-08-06,29.9,33.5,26.6,0.0,74.0,曇,0.0,0.7
2024-08-07,28.9,34.6,23.9,76.5,80.0,薄曇後一時晴,1.0,0.9200000000000003
2024-08-08,28.1,33.9,24.4,0.0,87.0,晴時々曇,0.0,0.7799999999999997
2024-08-09,30.0,35.3,26.6,0.0,74.0,晴一時曇,0.0,1.0
2024-08-10,30.0,34.9,26.8,0.0,69.0,晴後薄曇,0.0,0.9799999999999998
2024-08-11,31.5,35.9,27.4,0.0,66.0,晴後薄曇,0.0,1.0
2024-08-12,31.2,35.5,28.3,0.0,70.0,晴,0.0,1.0
2024-08-13,30.8,34.9,27.7,0.0,73.0,晴,0.0,0.9799999999999998
2024-08-14,30.4,34.7,27.4,0.0,74.0,晴,0.0,0.9400000000000006
2024-08-15,30.3,35.7,26.8,0.0,75.0,晴時々薄曇,0.3,1.0
2024-08-16,26.7,29.1,25.2,90.0,95.0,大雨、雷を伴う,1.0,0.0
2024-08-17,30.4,35.9,25.4,0.0,74.0,晴後一時雨,0.3,1.0
2024-08-18,29.7,34.0,26.9,0.0,82.0,曇後晴,0.0,0.8
2024-08-19,29.2,34.5,23.3,22.0,83.0,曇時々晴,0.7,0.9
2024-08-20,28.3,34.7,23.5,0.5,81.0,晴一時雨,0.3,0.9400000000000006
2024-08-21,28.3,33.6,24.6,21.0,83.0,曇時々晴,0.7,0.7200000000000003
2024-08-22,27.5,30.5,25.1,16.0,91.0,曇時々雨、雷を伴う,0.32,0.5
2024-08-23,28.9,32.3,27.0,0.0,83.0,曇後晴,0.0,0.5
2024-08-24,29.4,34.4,25.4,1.0,80.0,晴時々曇,0.3,0.8799999999999997
2024-08-25,28.6,33.5,25.3,1.5,83.0,晴時々曇一時雨,0.3,0.7
2024-08-26,29.2,33.6,25.9,0.0,76.0,晴後一時薄曇,0.3,0.7200000000000003
2024-08-27,27.7,31.5,24.5,30.0,85.0,曇時々雨,0.7,0.5
2024-08-28,28.0,31.4,26.2,0.0,82.0,曇,0.0,0.5
2024-08-29,27.1,31.4,25.4,23.0,89.0,薄曇時々雨,0.7,0.5
2024-08-30,26.0,27.6,25.0,84.0,99.0,大雨後時々曇,1.0,0.0
2024-08-31,27.1,31.1,24.7,15.5,95.0,曇時々雨,0.31,0.5
2024-09-01,26.2,30.5,23.7,35.5,97.0,曇後時々雨、雷を伴う,0.71,0.5
2024-09-02,29.3,34.1,25.4,0.0,80.0,晴,0.0,0.8200000000000003
2024-09-03,24.9,27.4,23.3,9.5,88.0,曇時々雨,0.3,0.0
2024-09-04,25.4,30.0,22.8,0.0,76.0,晴時々曇,0.0,0.5
2024-09-05,26.7,31.8,22.4,0.0,76.0,晴,0.0,0.5
2024-09-06,28.3,33.5,24.6,0.0,78.0,晴一時薄曇,0.0,0.7
2024-09-07,28.7,33.8,25.8,0.0,80.0,晴後一時薄曇,0.0,0.7599999999999995
2024-09-08,28.9,33.6,25.5,0.0,77.0,晴,0.0,0.7200000000000003
2024-09-09,28.3,33.7,25.2,2.5,80.0,晴,0.3,0.7400000000000005
2024-09-10,28.6,33.7,24.5,0.0,82.0,晴,0.0,0.7400000000000005
2024-09-11,29.6,34.2,26.3,0.0,79.0,晴,0.0,0.8400000000000005
2024-09-12,29.6,34.5,26.8,0.0,79.0,晴,0.0,0.9
2024-09-13,29.6,33.9,26.5,0.0,73.0,晴,0.0,0.7799999999999997
2024-09-14,29.5,34.5,26.3,0.0,74.0,晴,0.0,0.9
2024-09-15,29.9,34.4,25.8,34.0,75.0,晴後一時薄曇,0.7,0.8799999999999997
2024-09-16,25.7,28.3,23.9,2.0,89.0,曇一時雨,0.3,0.0
2024-09-17,27.7,33.4,23.3,0.0,79.0,晴一時曇,0.0,0.6799999999999997
2024-09-18,28.8,35.1,24.8,2.5,82.0,晴後曇一時雨,0.3,1.0
2024-09-19,27.7,33.6,24.7,0.0,84.0,薄曇一時雨、雷を伴う,0.3,0.7200000000000003
2024-09-20,29.4,33.9,25.5,0.0,77.0,晴後一時薄曇,0.0,0.7799999999999997
2024-09-21,28.5,32.6,24.0,0.0,76.0,薄曇,0.3,0.5200000000000002
2024-09-22,24.6,28.9,22.5,2.5,89.0,曇時々雨,0.3,0.0
2024-09-23,22.6,27.7,19.7,8.0,79.0,晴時々曇一時雨,0.3,0.0
2024-09-24,20.9,25.3,17.7,0.0,68.0,晴時々曇,0.0,0.0
2024-09-25,20.4,23.7,17.9,4.5,82.0,曇時々雨,0.3,0.0
2024-09-26,24.1,29.1,19.4,0.5,82.0,晴時々曇,0.3,0.0
2024-09-27,23.3,24.8,22.4,8.0,95.0,雨時々曇,0.3,0.0
2024-09-28,24.0,27.4,21.8,0.0,84.0,曇,0.0,0.0
2024-09-29,22.6,25.0,21.3,2.0,83.0,曇後時々雨,0.3,0.0
2024-09-30,22.7,25.3,20.5,0.0,76.0,曇時々雨,0.3,0.0
2024-10-01,23.3,26.6,20.1,0.5,81.0,曇一時雨,0.3,0.0
2024-10-02,26.5,31.9,22.0,0.0,77.0,晴時々薄曇,0.3,0.5
2024-10-03,23.1,25.4,21.6,11.0,87.0,曇時々雨,0.3,0.0
2024-10-04,25.9,30.4,22.3,2.0,87.0,曇一時雨,0.3,0.5
2024-10-05,21.3,24.5,18.9,9.5,94.0,雨一時曇,0.3,0.0
2024-10-06,21.3,22.9,19.1,0.0,93.0,曇一時雨,0.3,0.0
2024-10-07,25.0,29.9,20.7,0.0,83.0,晴時々曇,0.3,0.0
2024-10-08,18.8,25.3,15.1,33.5,97.0,雨,0.7,0.0
2024-10-09,16.0,17.7,14.9,53.5,93.0,雨後一時曇,1.0,0.0
2024-10-10,17.8,22.1,15.2,0.0,75.0,曇,0.0,0.0
2024-10-11,19.0,24.3,14.3,0.0,69.0,薄曇,0.0,0.0
2024-10-12,20.6,25.8,16.4,0.0,73.0,晴,0.0,0.0
2024-10-13,20.9,26.6,16.9,0.0,70.0,晴,0.0,0.0
2024-10-14,20.8,26.4,16.8,0.0,71.0,晴,0.0,0.0
2024-10-15,22.1,26.6,17.9,0.0,72.0,晴,0.0,0.0
2024-10-16,22.6,26.4,19.0,0.0,76.0,曇,0.0,0.0
2024-10-17,22.8,26.0,20.7,0.0,79.0,曇一時雨,0.3,0.0
2024-10-18,21.6,22.9,20.5,2.0,92.0,曇時々雨,0.3,0.0
2024-10-19,24.2,30.1,21.2,1.5,84.0,曇,0.3,0.5
2024-10-20,17.4,22.7,13.3,0.0,55.0,晴時々曇一時雨,0.3,0.0
2024-10-21,16.2,20.5,11.5,0.0,61.0,晴時々曇,0.0,0.0
2024-10-22,19.7,24.4,14.5,0.0,69.0,晴時々曇,0.0,0.0
2024-10-23,21.9,24.8,18.8,6.5,90.0,曇時々雨,0.3,0.0
2024-10-24,22.6,26.3,19.8,0.0,79.0,曇一時晴,0.3,0.0
2024-10-25,20.2,21.8,18.3,0.5,77.0,曇一時雨,0.3,0.0
2024-10-26,19.0,20.7,17.2,0.0,80.0,曇,0.0,0.0
2024-10-27,19.7,23.8,16.6,4.0,87.0,曇一時晴後一時雨,0.3,0.0
2024-10-28,18.8,20.7,17.2,8.0,87.0,曇一時雨,0.3,0.0
2024-10-29,15.4,18.8,12.4,24.5,79.0,曇後雨,0.7,0.0
2024-10-30,16.8,22.4,12.6,17.5,79.0,雨後薄曇,0.35,0.0
2024-10-31,16.2,20.2,12.9,0.0,65.0,薄曇,0.0,0.0
2024-11-01,17.0,21.9,12.1,0.5,76.0,曇一時晴,0.3,0.0
2024-11-02,16.0,16.9,14.9,33.5,99.0,雨,0.7,0.0
2024-11-03,17.5,22.6,14.2,0.0,67.0,快晴,0.0,0.0
2024-11-04,17.2,22.9,11.4,0.0,71.0,晴,0.0,0.0
2024-11-05,16.6,19.6,13.5,0.0,73.0,曇一時晴,0.3,0.0
2024-11-06,14.4,16.5,12.2,0.5,71.0,曇後一時晴,0.3,0.0
2024-11-07,13.4,18.0,10.7,0.0,52.0,快晴,0.0,0.0
2024-11-08,11.8,15.8,8.2,0.0,57.0,晴一時曇,0.0,0.0
2024-11-09,12.7,17.5,7.8,0.0,63.0,晴後時々曇,0.0,0.0
2024-11-10,13.8,16.4,11.4,1.0,69.0,曇,0.3,0.0
2024-11-11,16.3,20.7,13.2,0.5,85.0,曇時々晴,0.3,0.0
2024-11-12,16.3,21.3,11.8,0.0,77.0,晴時々曇,0.0,0.0
2024-11-13,16.5,20.8,12.6,0.0,63.0,晴,0.0,0.0
2024-11-14,15.8,18.2,11.9,0.0,69.0,曇一時晴,0.3,0.0
2024-11-15,15.9,17.7,13.8,7.5,91.0,曇一時雨,0.3,0.0
2024-11-16,16.7,18.9,14.3,0.0,75.0,曇,0.3,0.0
2024-11-17,18.9,23.8,15.1,0.0,79.0,晴一時曇,0.3,0.0
2024-11-18,13.7,18.9,10.1,0.0,58.0,曇時々雨後一時晴,0.3,0.0
2024-11-19,9.7,13.2,7.3,0.0,48.0,晴,0.0,0.0
2024-11-20,7.6,8.8,5.5,5.5,82.0,雨時々曇,0.3,0.0
2024-11-21,10.5,13.6,8.5,6.5,98.0,雨時々曇一時晴,0.3,0.0
2024-11-22,11.9,18.0,7.1,0.0,82.0,晴,0.0,0.0
2024-11-23,12.0,16.0,8.4,0.0,48.0,晴,0.0,0.0
2024-11-24,10.7,14.8,7.4,0.0,56.0,晴,0.0,0.0
2024-11-25,9.9,14.6,5.8,0.0,58.0,快晴,0.0,0.0
2024-11-26,10.0,14.5,5.6,8.5,70.0,晴後曇,0.3,0.0
2024-11-27,14.5,20.1,9.3,18.0,79.0,晴時々曇,0.36,0.0
2024-11-28,13.2,18.3,9.4,0.0,45.0,快晴,0.0,0.0
2024-11-29,11.4,16.5,7.9,0.0,44.0,晴,0.0,0.0
2024-11-30,10.4,16.7,5.7,0.0,54.0,快晴,0.0,0.0
2024-12-01,11.2,16.6,6.7,0.0,62.0,快晴,0.0,0.0
2024-12-02,11.4,16.8,7.6,0.0,72.0,晴一時曇,0.0,0.0
2024-12-03,11.9,17.5,7.4,0.0,77.0,快晴,0.0,0.0
2024-12-04,12.7,17.8,8.4,0.0,60.0,晴一時薄曇,0.0,0.0
2024-12-05,11.5,15.5,8.9,0.0,55.0,薄曇時々晴,0.0,0.0
2024-12-06,11.0,16.7,5.2,0.0,51.0,快晴,0.0,0.0
2024-12-07,8.9,12.4,5.9,0.0,55.0,晴後一時曇,0.0,0.0
2024-12-08,7.7,14.2,4.2,0.0,55.0,晴一時曇,0.0,0.0
2024-12-09,7.7,13.0,2.5,0.0,46.0,快晴,0.0,0.0
2024-12-10,8.5,13.8,4.4,0.0,53.0,快晴,0.0,0.0
2024-12-11,8.7,13.5,5.4,0.0,52.0,薄曇後晴,0.0,0.0
2024-12-12,7.1,10.8,4.3,0.0,40.0,晴,0.0,0.0
2024-12-13,5.3,8.4,1.2,0.0,53.0,薄曇一時晴,0.0,0.0
2024-12-14,7.2,12.3,3.5,0.0,44.0,晴,0.0,0.0
2024-12-15,6.6,12.2,0.8,0.0,51.0,快晴,0.0,0.0
2024-12-16,7.7,12.7,3.3,0.0,58.0,快晴,0.0,0.0
2024-12-17,8.0,13.8,2.7,0.0,61.0,快晴,0.0,0.0
2024-12-18,7.6,13.2,2.8,0.0,55.0,晴時々薄曇,0.3,0.0
2024-12-19,5.2,8.3,2.5,0.5,61.0,晴時々雨一時雪、あられを伴う,0.3,0.0
2024-12-20,6.5,11.6,1.1,0.0,58.0,薄曇一時晴,0.0,0.0
2024-12-21,9.4,16.5,2.8,0.0,61.0,晴,0.0,0.0
2024-12-22,6.9,11.6,2.6,0.0,49.0,晴,0.0,0.0
2024-12-23,6.1,11.1,2.4,0.0,40.0,快晴,0.0,0.0
2024-12-24,6.7,12.2,1.8,0.0,47.0,快晴,0.0,0.0
2024-12-25,7.7,11.3,4.5,0.0,46.0,曇時々晴,0.0,0.0
2024-12-26,8.9,14.7,3.4,0.0,54.0,晴,0.0,0.0
2024-12-27,7.4,12.7,3.8,0.0,51.0,晴後一時曇,0.0,0.0
2024-12-28,5.4,11.5,1.4,0.0,59.0,晴後一時曇,0.0,0.0
2024-12-29,6.0,12.3,0.5,0.0,54.0,快晴,0.0,0.0
2024-12-30,6.2,10.3,3.5,0.0,53.0,薄曇一時晴,0.0,0.0
2024-12-31,8.0,14.6,2.8,0.0,55.0,晴時々曇,0.0,0.0
2025-01-01,7.1,12.2,4.1,0.0,37.0,快晴,0.0,0.0
2025-01-02,7.8,13.9,2.1,0.0,52.0,晴後一時曇,0.0,0.0
2025-01-03,5.5,7.6,3.7,0.0,76.0,曇時々雨後一時晴,0.3,0.0
2025-01-04,5.1,9.6,1.6,0.0,53.0,快晴,0.0,0.0
2025-01-05,4.6,10.0,-0.2,0.0,59.0,晴後薄曇,0.0,0.0
2025-01-06,4.5,8.1,1.5,25.0,75.0,曇後雨,0.7,0.0
2025-01-07,8.1,12.9,3.6,0.0,72.0,雨一時曇後晴,0.3,0.0
2025-01-08,6.6,12.3,2.7,0.0,40.0,晴,0.0,0.0
2025-01-09,6.7,12.7,2.3,0.0,37.0,快晴,0.0,0.0
2025-01-10,4.6,9.4,0.1,0.0,35.0,快晴,0.0,0.0
2025-01-11,5.3,11.3,0.2,0.0,42.0,晴,0.0,0.0
2025-01-12,5.4,9.0,2.6,0.0,62.0,曇,0.0,0.0
2025-01-13,6.9,13.4,1.1,0.0,51.0,快晴,0.0,0.0
2025-01-14,6.4,12.8,1.2,0.0,56.0,晴,0.0,0.0
2025-01-15,7.6,15.6,2.7,0.0,52.0,晴後一時薄曇,0.0,0.0
2025-01-16,4.6,7.7,2.6,0.0,50.0,曇後一時晴,0.0,0.0
2025-01-17,4.9,9.7,1.0,0.0,44.0,快晴,0.0,0.0
2025-01-18,4.6,9.7,0.8,0.0,47.0,晴,0.0,0.0
2025-01-19,5.9,9.2,1.6,0.0,56.0,曇後一時雨,0.3,0.0
2025-01-20,9.2,13.9,5.0,0.5,72.0,晴一時雨,0.3,0.0
2025-01-21,9.4,13.8,7.1,0.0,70.0,晴時々曇,0.0,0.0
2025-01-22,8.2,13.4,4.1,0.0,46.0,快晴,0.0,0.0
2025-01-23,8.5,13.9,4.8,0.0,62.0,曇後晴,0.0,0.0
2025-01-24,9.2,14.6,4.4,0.5,64.0,晴後一時曇,0.3,0.0
2025-01-25,6.8,9.2,4.4,0.0,70.0,曇時々晴,0.0,0.0
2025-01-26,7.0,12.5,3.2,0.0,46.0,快晴,0.0,0.0
2025-01-27,6.4,10.2,2.3,0.0,55.0,曇一時晴,0.3,0.0
2025-01-28,8.4,13.6,4.6,0.0,52.0,晴,0.0,0.0
2025-01-29,7.0,12.8,2.6,0.0,38.0,快晴,0.0,0.0
2025-01-30,6.5,12.2,1.2,0.0,41.0,快晴,0.0,0.0
2025-01-31,7.1,13.2,2.2,0.0,38.0,快晴,0.0,0.0
2025-02-01,7.5,12.2,2.8,0.0,49.0,晴後曇,0.3,0.0
2025-02-02,4.6,8.8,3.1,6.5,90.0,雨後一時曇,0.3,0.0
2025-02-03,6.1,9.6,4.0,0.0,74.0,曇,0.0,0.0
2025-02-04,6.0,11.2,2.3,0.0,55.0,晴時々曇,0.0,0.0
2025-02-05,4.1,9.0,-0.1,0.0,41.0,晴,0.0,0.0
2025-02-06,4.0,9.2,-0.6,0.0,37.0,晴,0.0,0.0
2025-02-07,4.9,10.6,-0.6,0.0,35.0,晴,0.0,0.0
2025-02-08,4.6,9.7,0.3,0.0,38.0,快晴,0.0,0.0
2025-02-09,5.2,11.5,0.7,0.0,37.0,快晴,0.0,0.0
2025-02-10,5.5,11.4,-0.5,0.0,41.0,快晴,0.0,0.0
2025-02-11,5.1,10.5,0.3,0.0,43.0,快晴,0.0,0.0
2025-02-12,7.2,12.7,0.4,0.0,55.0,晴時々薄曇,0.0,0.0
2025-02-13,7.4,13.1,3.4,0.0,43.0,快晴,0.0,0.0
2025-02-14,7.9,14.5,2.4,0.0,37.0,晴,0.0,0.0
2025-02-15,9.6,14.0,5.2,0.0,50.0,快晴,0.0,0.0
2025-02-16,11.3,16.9,7.5,0.0,56.0,曇一時晴,0.0,0.0
2025-02-17,9.3,15.5,3.9,0.0,50.0,晴後時々曇一時雨,0.3,0.0
2025-02-18,5.0,9.7,1.9,0.0,32.0,晴後一時曇,0.0,0.0
2025-02-19,3.9,8.9,0.4,0.0,36.0,快晴,0.0,0.0
2025-02-20,4.5,10.6,-1.0,0.0,32.0,晴,0.0,0.0
2025-02-21,5.4,10.9,1.0,0.0,31.0,晴後薄曇,0.0,0.0
2025-02-22,4.4,9.4,1.4,0.0,36.0,晴後一時曇,0.0,0.0
2025-02-23,5.2,11.1,-0.4,0.0,31.0,晴後一時曇,0.0,0.0
2025-02-24,4.8,10.8,-0.1,0.0,39.0,晴,0.0,0.0
2025-02-25,7.1,12.7,0.5,0.0,45.0,快晴,0.0,0.0
2025-02-26,10.4,17.6,4.0,0.0,36.0,快晴,0.0,0.0
2025-02-27,10.2,16.5,4.2,0.0,42.0,快晴,0.0,0.0
2025-02-28,11.0,16.6,5.4,0.0,52.0,薄曇後晴,0.0,0.0
2025-03-01,13.3,19.7,6.5,0.0,58.0,晴時々薄曇,0.0,0.0
2025-03-02,14.6,22.1,7.9,0.0,57.0,晴時々薄曇,0.3,0.0
2025-03-03,5.9,14.4,1.6,30.0,89.0,雨後みぞれ一時雪,0.7,0.0
2025-03-04,2.4,5.4,0.4,10.0,78.0,曇後一時雨、みぞれを伴う,0.3,0.0
2025-03-05,5.3,8.4,0.8,16.5,99.0,雨後一時霧雨,0.33,0.0
2025-03-06,9.1,11.7,6.6,0.0,58.0,曇,0.0,0.0
2025-03-07,6.9,12.2,3.2,0.0,39.0,晴,0.0,0.0
2025-03-08,3.2,6.8,0.5,9.5,66.0,曇後時々雨,0.3,0.0
2025-03-09,6.9,13.5,1.5,0.0,66.0,晴一時曇,0.0,0.0
2025-03-10,9.1,14.9,3.2,0.0,45.0,晴後一時薄曇,0.0,0.0
2025-03-11,10.3,13.8,6.3,0.5,72.0,曇時々雨,0.3,0.0
2025-03-12,11.6,14.7,8.8,15.5,97.0,雨時々曇,0.31,0.0
2025-03-13,14.5,20.4,9.1,0.0,69.0,薄曇時々晴,0.0,0.0
2025-03-14,12.8,19.6,8.5,0.0,33.0,薄曇後晴,0.0,0.0
2025-03-15,8.9,12.0,6.7,0.0,50.0,曇後一時雨,0.3,0.0
2025-03-16,6.4,7.8,4.8,29.0,96.0,雨,0.7,0.0
2025-03-17,10.0,16.2,6.6,0.0,63.0,晴,0.3,0.0
2025-03-18,8.6,12.9,4.6,0.0,51.0,薄曇一時晴,0.3,0.0
2025-03-19,5.6,10.7,0.5,26.5,81.0,晴時々雨一時雪、雷・ひょうを伴う,0.7,0.0
2025-03-20,8.3,13.7,4.3,0.0,55.0,晴,0.0,0.0
2025-03-21,11.2,17.4,3.9,0.0,62.0,快晴,0.0,0.0
2025-03-22,15.8,23.6,6.9,0.0,49.0,快晴,0.0,0.0
2025-03-23,17.3,25.6,11.4,0.0,48.0,快晴,0.0,0.0
2025-03-24,14.8,19.2,10.0,0.0,75.0,薄曇時々晴,0.0,0.0
2025-03-25,17.8,25.0,10.1,0.0,61.0,晴,0.0,0.0
2025-03-26,20.4,25.9,14.9,0.0,45.0,晴,0.0,0.0
2025-03-27,17.9,22.4,12.2,0.0,69.0,薄曇一時晴,0.0,0.0
2025-03-28,19.9,25.7,14.1,2.5,79.0,薄曇時々晴一時雨,0.3,0.0
2025-03-29,7.6,14.3,4.3,12.5,90.0,雨,0.3,0.0
2025-03-30,9.4,15.6,5.1,0.5,63.0,薄曇時々晴,0.3,0.0
2025-03-31,7.0,8.9,5.5,0.0,62.0,曇時々雨,0.3,0.0
2025-04-01,5.1,5.8,4.1,41.0,96.0,雨,0.82,0.0
2025-04-02,9.5,13.7,5.7,28.5,91.0,雨時々曇,0.7,0.0
2025-04-03,8.4,9.8,6.0,5.5,91.0,雨,0.3,0.0
2025-04-04,11.4,18.4,5.3,0.0,60.0,晴,0.0,0.0
2025-04-05,12.0,17.0,6.1,0.0,60.0,晴後薄曇,0.0,0.0
2025-04-06,15.1,20.1,10.6,0.0,73.0,曇時々晴一時雨,0.3,0.0
2025-04-07,14.3,19.7,10.5,0.0,61.0,曇時々晴,0.0,0.0
2025-04-08,15.0,20.2,7.9,0.0,55.0,薄曇一時晴,0.0,0.0
2025-04-09,16.3,23.8,11.0,0.0,51.0,晴,0.0,0.0
2025-04-10,16.5,22.8,12.0,14.0,72.0,曇,0.3,0.0
2025-04-11,15.5,20.0,12.9,2.0,84.0,曇後一時雨、雷を伴う,0.3,0.0
2025-04-12,15.3,20.5,11.2,0.0,67.0,晴,0.0,0.0
2025-04-13,13.1,14.1,11.9,12.0,90.0,雨一時曇,0.3,0.0
2025-04-14,16.9,23.0,13.4,10.0,70.0,晴一時薄曇,0.3,0.0
2025-04-15,16.2,22.0,11.1,0.0,50.0,晴時々曇一時雨,0.3,0.0
2025-04-16,14.8,21.1,7.7,0.0,36.0,快晴,0.0,0.0
2025-04-17,17.8,25.2,10.0,0.0,46.0,薄曇時々晴,0.0,0.0
2025-04-18,19.2,24.9,13.8,0.0,66.0,薄曇,0.0,0.0
2025-04-19,20.8,27.8,15.7,0.0,74.0,晴後一時薄曇,0.0,0.0
2025-04-20,20.5,23.7,17.9,0.0,71.0,曇,0.0,0.0
2025-04-21,18.5,25.1,13.1,0.0,59.0,晴,0.0,0.0
2025-04-22,18.0,23.2,12.7,0.0,72.0,曇一時晴,0.3,0.0
2025-04-23,17.2,19.7,14.1,16.5,96.0,雨後一時曇,0.33,0.0
2025-04-24,19.4,24.3,16.6,0.0,84.0,曇後一時晴,0.0,0.0
2025-04-25,18.7,22.8,16.7,0.0,78.0,曇,0.0,0.0
2025-04-26,14.5,19.2,10.5,4.5,69.0,曇時々晴後一時雨,0.3,0.0
2025-04-27,17.0,23.2,9.6,0.0,65.0,晴後一時薄曇,0.0,0.0
2025-04-28,17.4,23.5,13.3,19.0,73.0,曇後一時雨,0.38,0.0
2025-04-29,17.1,23.1,12.7,1.5,57.0,晴,0.3,0.0
2025-04-30,17.4,24.2,11.1,0.0,48.0,快晴,0.0,0.0
2025-05-01,18.2,23.8,12.9,0.0,71.0,晴後薄曇,0.3,0.0
2025-05-02,16.2,18.7,14.0,50.5,90.0,大雨時々曇,1.0,0.0
2025-05-03,18.2,24.6,13.6,0.0,61.0,薄曇時々晴,0.0,0.0
2025-05-04,18.5,25.9,13.7,0.0,73.0,薄曇後晴,0.3,0.0
2025-05-05,17.7,23.9,11.6,0.0,58.0,晴時々薄曇,0.3,0.0
2025-05-06,14.8,18.1,12.9,24.5,88.0,雨,0.7,0.0
2025-05-07,17.9,23.0,12.9,3.5,65.0,晴後時々薄曇,0.3,0.0
2025-05-08,18.0,22.7,14.3,0.0,56.0,晴一時薄曇,0.0,0.0
2025-05-09,18.1,23.2,14.6,3.0,77.0,曇,0.3,0.0
2025-05-10,18.8,21.9,15.5,14.0,96.0,雨後曇,0.3,0.0
2025-05-11,20.5,26.7,15.6,1.0,71.0,薄曇,0.3,0.0
2025-05-12,16.8,20.3,15.3,6.5,90.0,曇時々雨,0.3,0.0
2025-05-13,19.8,25.6,15.2,0.0,70.0,晴時々薄曇,0.0,0.0
2025-05-14,20.6,26.3,15.8,0.0,73.0,薄曇後一時晴,0.0,0.0
2025-05-15,21.1,26.8,16.6,0.0,74.0,薄曇,0.0,0.0
2025-05-16,21.4,25.4,17.5,0.0,72.0,薄曇,0.3,0.0
2025-05-17,21.3,24.1,18.8,28.0,94.0,雨後一時曇,0.7,0.0
2025-05-18,24.2,27.1,21.9,0.0,81.0,曇,0.0,0.0
2025-05-19,19.2,22.8,17.3,0.0,82.0,曇一時雨,0.3,0.0
2025-05-20,23.9,31.1,16.1,0.0,69.0,晴一時薄曇,0.0,0.5
2025-05-21,24.7,29.7,19.8,0.0,74.0,薄曇,0.3,0.0
2025-05-22,23.0,27.9,16.9,0.0,79.0,薄曇,0.0,0.0
2025-05-23,18.9,23.6,16.6,0.0,65.0,曇,0.0,0.0
2025-05-24,17.7,20.9,15.2,6.5,77.0,曇後一時雨,0.3,0.0
2025-05-25,17.7,20.8,14.6,22.0,91.0,曇一時雨,0.7,0.0
2025-05-26,19.1,22.7,16.8,0.0,56.0,曇,0.0,0.0
2025-05-27,17.9,20.3,15.5,0.0,72.0,曇,0.3,0.0
2025-05-28,19.5,25.1,15.8,0.5,70.0,晴時々曇,0.3,0.0
2025-05-29,19.5,24.1,15.5,2.5,69.0,薄曇,0.3,0.0
2025-05-30,15.1,16.5,13.9,30.0,95.0,雨,0.7,0.0
2025-05-31,15.9,17.1,14.5,13.5,84.0,雨時々曇、雷を伴う,0.3,0.0
2025-06-01,18.6,24.8,15.0,0.5,76.0,晴時々曇後一時雨,0.3,0.0
2025-06-02,20.1,25.0,15.1,0.0,81.0,曇,0.3,0.0
2025-06-03,18.9,21.2,17.7,31.0,96.0,雨,0.7,0.0
2025-06-04,22.3,28.4,16.7,0.5,83.0,曇時々晴,0.3,0.0
2025-06-05,22.8,28.9,17.0,5.0,70.0,晴,0.3,0.0
2025-06-06,23.4,28.8,18.4,0.0,64.0,薄曇一時晴,0.0,0.0
2025-06-07,23.6,29.6,20.1,0.0,69.0,薄曇一時晴,0.3,0.0
2025-06-08,23.2,28.6,19.7,0.0,78.0,曇一時雨,0.3,0.0
2025-06-09,21.9,25.9,19.3,0.5,82.0,曇後一時雨,0.3,0.0
2025-06-10,20.4,21.6,19.2,11.0,99.0,雨後一時曇,0.3,0.0
2025-06-11,20.8,23.1,19.7,11.5,100.0,雨一時曇,0.3,0.0
2025-06-12,22.9,27.8,19.1,0.0,74.0,曇一時晴,0.0,0.0
2025-06-13,22.5,26.4,19.4,0.0,76.0,曇,0.3,0.0
2025-06-14,22.3,25.6,20.8,9.0,85.0,曇時々雨,0.3,0.0
2025-06-15,24.9,29.2,21.7,7.0,93.0,曇時々雨後一時晴,0.3,0.0
2025-06-16,26.5,31.6,23.2,0.0,84.0,曇一時晴,0.0,0.5
2025-06-17,29.0,34.8,23.6,0.0,74.0,晴,0.0,0.9599999999999994
2025-06-18,28.8,34.4,24.4,0.0,68.0,晴,0.0,0.8799999999999997
2025-06-19,27.8,33.5,23.9,0.0,75.0,晴一時曇,0.0,0.7
2025-06-20,26.5,31.4,23.3,0.0,74.0,晴時々曇,0.0,0.5
2025-06-21,26.5,31.4,22.5,0.0,73.0,晴後薄曇,0.0,0.5
2025-06-22,28.2,33.1,24.1,0.0,67.0,晴,0.0,0.6200000000000003
2025-06-23,27.9,31.9,25.6,0.0,74.0,薄曇,0.0,0.5
2025-06-24,26.9,29.2,24.9,0.0,83.0,曇一時雨,0.3,0.0
2025-06-25,26.2,29.4,24.5,14.5,93.0,曇時々雨,0.3,0.0
2025-06-26,27.1,32.9,23.8,9.0,87.0,曇時々雨,0.3,0.5799999999999997
2025-06-27,27.1,32.2,23.5,0.5,79.0,晴時々薄曇,0.3,0.5
2025-06-28,28.2,33.8,23.6,0.0,61.0,晴時々薄曇,0.0,0.7599999999999995
2025-06-29,27.6,32.6,23.0,0.0,67.0,晴後薄曇,0.0,0.5200000000000002
2025-06-30,28.3,33.2,23.9,0.0,74.0,晴後薄曇,0.0,0.6400000000000006
2025-07-01,28.2,33.5,25.3,0.5,82.0,曇,0.3,0.7
2025-07-02,28.0,33.0,25.1,0.0,84.0,曇一時雨,0.3,0.6
2025-07-03,28.5,33.4,25.4,0.0,75.0,晴時々曇,0.0,0.6799999999999997
2025-07-04,28.3,33.4,25.3,0.0,77.0,薄曇時々晴,0.3,0.6799999999999997
2025-07-05,29.0,34.4,24.7,0.0,76.0,曇時々晴,0.3,0.8799999999999997
2025-07-06,29.7,34.9,26.3,0.0,77.0,曇時々晴,0.0,0.9799999999999998
2025-07-07,30.0,35.6,26.7,0.0,75.0,曇時々晴,0.0,1.0
2025-07-08,30.3,35.8,26.4,0.0,72.0,晴,0.0,1.0
2025-07-09,29.9,34.7,27.1,0.0,73.0,晴一時曇,0.0,0.9400000000000006
2025-07-10,28.3,35.7,22.3,24.0,78.0,晴後時々曇、雷を伴う,0.7,1.0
2025-07-11,23.2,25.1,21.6,0.0,82.0,曇後一時雨,0.3,0.0
2025-07-12,23.6,26.6,20.7,0.0,74.0,曇,0.0,0.0
2025-07-13,26.8,32.3,22.2,0.0,74.0,晴時々曇,0.3,0.5
2025-07-14,26.9,29.9,24.9,5.0,86.0,曇時々雨後一時晴,0.3,0.0
2025-07-15,26.9,30.6,25.2,25.5,92.0,曇時々雨,0.7,0.5
2025-07-16,26.3,27.8,24.4,16.5,92.0,雨時々曇,0.33,0.0
2025-07-17,27.3,31.5,23.8,3.0,81.0,薄曇一時雨,0.3,0.5
2025-07-18,27.7,32.1,24.8,0.0,76.0,薄曇一時晴,0.0,0.5
2025-07-19,28.3,33.1,24.3,0.0,74.0,晴時々薄曇,0.0,0.6200000000000003
2025-07-20,28.7,32.9,25.2,0.0,76.0,晴,0.0,0.5799999999999997
2025-07-21,29.7,34.3,25.7,0.0,76.0,晴,0.0,0.8599999999999994
2025-07-22,29.5,34.3,26.0,0.0,78.0,晴,0.0,0.8599999999999994
2025-07-23,29.4,34.3,25.9,0.0,75.0,晴一時曇,0.0,0.8599999999999994
2025-07-24,29.8,34.8,25.5,0.0,74.0,晴,0.0,0.9599999999999994
2025-07-25,30.2,35.1,26.1,0.0,73.0,晴,0.0,1.0
2025-07-26,30.3,35.5,26.7,0.0,70.0,晴,0.0,1.0
2025-07-27,29.4,34.1,26.3,0.0,74.0,薄曇一時晴,0.0,0.8200000000000003
2025-07-28,30.1,35.4,25.4,0.0,72.0,晴時々薄曇,0.0,1.0
2025-07-29,30.0,36.4,25.0,0.0,69.0,晴,0.0,1.0
2025-07-30,29.2,34.8,25.4,0.0,69.0,晴,0.0,0.9599999999999994
2025-07-31,27.9,33.4,24.7,0.0,68.0,晴一時曇,0.0,0.6799999999999997
2025-08-01,26.4,30.1,23.8,6.0,83.0,曇時々雨,0.3,0.5
2025-08-02,28.9,35.1,24.9,20.5,84.0,晴時々曇一時雨,0.7,1.0
2025-08-03,30.4,36.1,26.2,0.0,77.0,晴時々曇,0.0,1.0
2025-08-04,31.3,36.1,27.7,0.0,66.0,晴,0.0,1.0
2025-08-05,32.1,36.6,28.3,0.0,67.0,晴,0.0,1.0
2025-08-06,32.3,37.0,28.1,0.0,68.0,晴時々薄曇,0.0,1.0
2025-08-07,29.5,32.8,27.3,0.0,76.0,曇一時雨,0.3,0.5599999999999994
2025-08-08,28.6,35.0,24.5,3.0,71.0,晴後一時雨、雷を伴う,0.3,1.0
2025-08-09,28.4,32.6,25.0,0.0,70.0,曇時々晴,0.3,0.5200000000000002
2025-08-10,26.3,27.7,24.5,25.5,90.0,雨,0.7,0.0
2025-08-11,27.1,29.3,25.6,11.5,90.0,雨時々曇,0.3,0.0
2025-08-12,28.2,31.1,26.1,1.0,83.0,曇後時々雨,0.3,0.5
2025-08-13,27.9,31.4,25.3,0.0,76.0,曇後一時晴,0.0,0.5
2025-08-14,27.8,32.5,24.7,0.0,71.0,晴時々曇,0.0,0.5
2025-08-15,28.7,33.6,24.7,0.0,73.0,晴,0.0,0.7200000000000003
2025-08-16,28.8,33.2,26.7,1.0,80.0,晴時々曇一時雨,0.3,0.6400000000000006
2025-08-17,29.8,34.8,26.6,0.0,77.0,晴,0.0,0.9599999999999994
2025-08-18,31.0,37.0,26.7,0.0,68.0,薄曇後一時雨、雷を伴う,0.3,1.0
2025-08-19,29.9,35.0,26.5,0.0,76.0,晴,0.0,1.0
2025-08-20,30.4,35.1,26.3,0.0,72.0,晴一時薄曇,0.0,1.0
2025-08-21,31.3,36.8,27.2,0.0,63.0,晴時々薄曇,0.0,1.0
2025-08-22,30.3,35.2,27.3,0.0,71.0,薄曇,0.0,1.0
2025-08-23,30.4,35.8,26.7,0.0,73.0,薄曇時々晴,0.0,1.0
2025-08-24,31.3,37.3,27.0,0.0,70.0,晴一時薄曇,0.0,1.0
2025-08-25,30.6,36.3,27.6,0.0,71.0,曇後晴,0.0,1.0
2025-08-26,30.1,35.1,26.9,0.0,75.0,晴,0.0,1.0
2025-08-27,30.7,36.0,26.8,0.0,67.0,晴後一時薄曇,0.0,1.0
2025-08-28,28.9,33.9,25.6,0.0,63.0,曇時々晴,0.0,0.7799999999999997
2025-08-29,28.7,34.1,24.9,0.0,76.0,薄曇時々晴,0.0,0.8200000000000003
2025-08-30,31.6,38.5,26.7,0.0,67.0,晴,0.0,1.0
2025-08-31,30.9,36.8,27.3,0.0,73.0,晴,0.0,1.0
2025-09-01,30.4,36.4,27.1,0.0,72.0,晴,0.0,1.0
2025-09-02,31.2,37.0,27.4,0.0,63.0,晴後一時薄曇,0.0,1.0
2025-09-03,30.3,37.0,25.5,0.0,69.0,曇時々晴,0.3,1.0
2025-09-04,26.8,28.7,25.1,6.5,89.0,曇時々雨,0.3,0.0
2025-09-05,24.7,26.7,23.3,95.0,99.0,大雨後一時曇,1.0,0.0
2025-09-06,27.1,32.5,22.0,0.0,75.0,晴後一時曇,0.0,0.5
2025-09-07,27.4,31.7,24.8,0.0,80.0,晴,0.0,0.5
2025-09-08,29.6,35.0,24.8,0.0,78.0,晴,0.3,1.0
2025-09-09,29.3,33.4,27.0,0.0,80.0,晴時々曇,0.0,0.6799999999999997
2025-09-10,28.3,31.6,26.5,0.5,85.0,曇時々晴一時雨,0.3,0.5
2025-09-11,27.2,34.4,23.7,37.5,85.0,晴後大雨、雷を伴う,0.75,0.8799999999999997
2025-09-12,24.7,27.6,22.7,1.5,89.0,曇後一時雨,0.3,0.0
2025-09-13,26.3,30.2,23.2,12.5,89.0,曇時々雨,0.3,0.5
2025-09-14,28.6,32.1,26.6,0.0,80.0,曇,0.0,0.5
2025-09-15,27.4,30.5,25.3,0.0,79.0,曇,0.0,0.5
2025-09-16,28.5,33.3,26.0,0.0,82.0,晴一時曇,0.0,0.6599999999999995
2025-09-17,29.2,34.3,25.2,0.0,80.0,晴,0.0,0.8599999999999994
2025-09-18,28.3,34.1,23.4,0.5,76.0,曇一時晴,0.3,0.8200000000000003
2025-09-19,22.4,26.3,18.6,41.5,81.0,曇,0.83,0.0
2025-09-20,23.8,27.2,20.6,1.0,87.0,曇後一時雨,0.3,0.0
2025-09-21,25.7,31.1,18.6,6.5,72.0,曇時々晴,0.3,0.5
2025-09-22,21.9,26.8,18.1,0.0,65.0,薄曇一時晴,0.0,0.0
2025-09-23,22.0,26.2,18.8,0.0,64.0,曇時々晴,0.0,0.0
2025-09-24,22.5,27.5,17.9,0.0,64.0,晴一時薄曇,0.0,0.0
2025-09-25,23.8,28.9,19.0,0.0,72.0,薄曇時々晴,0.0,0.0
2025-09-26,26.3,31.7,21.4,0.0,72.0,晴一時薄曇,0.3,0.5
2025-09-27,24.6,28.1,22.0,0.5,69.0,晴時々曇,0.3,0.0
2025-09-28,24.8,28.8,20.3,0.0,73.0,薄曇一時晴,0.0,0.0
2025-09-29,27.0,30.9,23.8,0.0,70.0,曇,0.0,0.5
2025-09-30,24.3,28.4,22.3,0.0,66.0,曇後晴,0.3,0.0
2025-10-01,20.5,23.6,18.3,4.5,93.0,雨,0.3,0.0
2025-10-02,22.0,27.5,17.3,0.0,75.0,薄曇一時晴,0.0,0.0
2025-10-03,22.8,26.3,19.3,0.0,69.0,曇,0.3,0.0
2025-10-04,21.4,25.1,20.3,6.5,88.0,雨時々曇,0.3,0.0
2025-10-05,23.7,28.8,19.3,0.0,85.0,晴時々曇,0.0,0.0
2025-10-06,24.3,29.3,21.7,0.0,77.0,曇一時晴,0.0,0.0
2025-10-07,21.8,25.0,20.0,0.0,70.0,曇,0.3,0.0
2025-10-08,23.7,28.4,19.6,0.0,70.0,晴後薄曇,0.3,0.0
2025-10-09,21.3,24.6,17.7,0.0,64.0,曇,0.0,0.0
2025-10-10,20.2,24.7,17.2,0.0,62.0,曇時々晴,0.3,0.0
2025-10-11,17.6,20.5,15.9,8.5,91.0,雨一時曇,0.3,0.0
2025-10-12,19.9,23.8,15.9,0.0,87.0,曇,0.0,0.0
2025-10-13,21.4,25.2,18.7,0.0,84.0,曇後一時晴,0.0,0.0
2025-10-14,18.9,21.3,15.7,0.0,76.0,曇,0.3,0.0
2025-10-15,17.5,20.3,15.2,3.0,89.0,曇時々雨,0.3,0.0
2025-10-16,18.1,20.7,15.8,8.0,96.0,曇時々雨,0.3,0.0
2025-10-17,19.8,25.1,16.3,0.0,80.0,晴,0.0,0.0
2025-10-18,21.0,25.9,15.5,0.0,81.0,曇一時晴,0.0,0.0
2025-10-19,20.1,24.5,15.8,1.0,75.0,曇時々雨,0.3,0.0
2025-10-20,17.2,19.7,15.1,4.5,90.0,曇時々雨,0.3,0.0
2025-10-21,15.6,17.2,13.9,0.0,66.0,曇一時雨,0.3,0.0
2025-10-22,12.3,15.4,10.4,8.5,87.0,雨一時曇,0.3,0.0
2025-10-23,14.3,17.9,11.5,0.0,71.0,薄曇後一時晴,0.0,0.0
2025-10-24,13.6,16.9,12.0,2.0,76.0,曇時々雨,0.3,0.0
2025-10-25,12.8,13.6,12.0,11.0,97.0,雨,0.3,0.0
2025-10-26,15.1,16.3,13.4,12.0,100.0,雨時々曇,0.3,0.0
2025-10-27,18.0,23.9,14.6,0.0,75.0,曇後一時晴,0.0,0.0
2025-10-28,16.5,21.4,13.7,0.0,48.0,晴時々曇,0.0,0.0
2025-10-29,14.0,16.8,12.0,0.0,51.0,曇,0.0,0.0
2025-10-30,14.3,19.1,9.7,0.0,63.0,晴,0.0,0.0
2025-10-31,14.5,17.1,12.7,37.0,79.0,曇後一時雨,0.74,0.0
2025-11-01,16.3,21.7,12.4,0.5,85.0,曇時々晴,0.3,0.0
2025-11-02,15.2,19.1,12.0,0.0,77.0,曇,0.0,0.0
2025-11-03,14.0,19.4,10.6,0.0,64.0,晴,0.0,0.0
2025-11-04,12.6,17.5,8.2,0.0,57.0,薄曇時々晴,0.0,0.0
2025-11-05,12.9,15.9,9.0,0.0,64.0,薄曇,0.3,0.0
2025-11-06,15.1,19.2,11.0,1.5,71.0,曇,0.3,0.0
2025-11-07,15.7,21.7,10.4,0.0,49.0,晴後一時薄曇,0.0,0.0
2025-11-08,14.1,17.5,11.4,0.0,54.0,曇,0.3,0.0
2025-11-09,12.0,13.7,10.0,12.5,91.0,雨後時々曇,0.3,0.0
2025-11-10,13.9,20.7,10.3,2.0,70.0,晴後一時雨,0.3,0.0
2025-11-11,12.7,15.8,9.7,0.0,50.0,曇後一時晴,0.0,0.0
2025-11-12,11.7,14.7,8.1,0.0,56.0,薄曇時々晴,0.0,0.0
2025-11-13,11.1,13.1,9.4,0.0,65.0,曇,0.0,0.0
2025-11-14,14.2,20.2,8.0,0.0,62.0,快晴,0.0,0.0
2025-11-15,14.1,18.3,11.6,0.0,60.0,晴一時曇,0.0,0.0
2025-11-16,13.3,17.9,9.5,0.0,66.0,晴時々薄曇,0.0,0.0
2025-11-17,16.0,22.4,9.8,0.0,61.0,快晴,0.0,0.0
2025-11-18,12.5,16.3,7.0,0.0,49.0,曇後時々雨,0.3,0.0
2025-11-19,9.2,14.3,5.1,0.0,51.0,晴,0.3,0.0
2025-11-20,9.8,14.8,7.2,0.0,59.0,晴一時曇,0.0,0.0
2025-11-21,10.7,17.3,5.1,0.0,71.0,晴,0.0,0.0
2025-11-22,12.4,17.2,7.4,0.0,63.0,晴後一時曇,0.0,0.0
2025-11-23,12.1,15.6,10.3,0.0,70.0,曇後一時晴,0.0,0.0
2025-11-24,12.4,18.8,7.6,0.0,71.0,晴一時薄曇,0.0,0.0
2025-11-25,10.4,12.6,8.0,0.5,80.0,曇時々雨,0.3,0.0
2025-11-26,12.1,18.6,6.2,0.0,68.0,快晴,0.0,0.0
2025-11-27,11.9,16.2,7.3,0.0,76.0,曇時々晴一時雨,0.3,0.0
2025-11-28,14.0,19.8,8.4,0.0,57.0,快晴,0.0,0.0
2025-11-29,11.6,15.3,9.0,0.0,49.0,晴後時々曇,0.0,0.0
2025-11-30,10.9,16.3,7.1,0.0,61.0,快晴,0.0,0.0
2025-12-01,13.3,20.0,6.4,0.0,63.0,晴時々曇,0.0,0.0
2025-12-02,13.5,18.0,9.5,0.0,73.0,曇時々晴,0.0,0.0
2025-12-03,11.2,12.8,8.3,0.0,76.0,曇一時雨時々晴,0.3,0.0
2025-12-04,7.1,10.7,4.0,0.0,33.0,快晴,0.0,0.0
2025-12-05,7.0,12.0,1.2,0.0,45.0,快晴,0.0,0.0
2025-12-06,7.0,11.5,2.6,0.0,52.0,晴後一時曇,0.0,0.0
2025-12-07,8.5,15.9,2.5,0.0,55.0,快晴,0.0,0.0
2025-12-08,11.2,17.6,4.2,0.0,53.0,晴後一時薄曇,0.0,0.0
2025-12-09,10.1,14.3,6.7,0.0,43.0,晴一時曇,0.0,0.0
2025-12-10,8.8,14.3,4.0,0.0,50.0,晴,0.0,0.0
2025-12-11,10.4,15.5,5.5,0.0,56.0,曇後晴,0.0,0.0
2025-12-12,7.2,10.9,3.9,0.0,38.0,快晴,0.0,0.0
2025-12-13,5.7,8.9,2.9,2.0,52.0,曇時々晴,0.3,0.0
2025-12-14,4.8,7.6,2.7,9.5,95.0,雨時々曇,0.3,0.0
2025-12-15,8.4,13.2,3.9,0.0,56.0,快晴,0.0,0.0
2025-12-16,8.0,12.5,3.3,0.0,51.0,晴,0.0,0.0
2025-12-17,8.8,14.1,3.5,0.0,60.0,晴,0.0,0.0
2025-12-18,9.4,13.2,5.7,0.0,44.0,晴,0.0,0.0
2025-12-19,7.4,12.1,2.8,0.0,53.0,晴一時曇,0.0,0.0
2025-12-20,8.5,12.0,4.7,9.0,73.0,曇時々雨,0.3,0.0
2025-12-21,12.3,18.4,8.3,3.0,89.0,曇時々雨,0.3,0.0
2025-12-22,9.6,12.7,4.6,0.0,47.0,曇後晴,0.0,0.0
2025-12-23,6.4,9.8,2.4,0.0,56.0,晴後薄曇,0.3,0.0
2025-12-24,6.9,8.4,4.9,9.0,86.0,雨時々曇,0.3,0.0
2025-12-25,9.6,11.9,7.1,3.5,93.0,曇後一時雨,0.3,0.0
2025-12-26,7.3,11.3,2.4,0.5,56.0,晴,0.3,0.0
2025-12-27,3.3,6.4,1.7,0.0,45.0,曇後一時晴,0.0,0.0
2025-12-28,5.4,12.0,-0.3,0.0,53.0,快晴,0.0,0.0
2025-12-29,7.1,12.5,3.4,0.0,62.0,晴一時曇,0.0,0.0
2025-12-30,8.7,15.3,2.8,0.0,61.0,晴,0.0,0.0
2025-12-31,8.0,13.3,3.9,0.0,56.0,晴一時薄曇,0.0,0.0
